user_id,transaction_count,first_transaction,last_transaction,label_<lambda>,kyc_level_first,activity_timespan_days,tx_per_day,is_anomaly_isolation_forest,is_anomaly_Isolation_Forest,is_anomaly_Local_Outlier_Factor,is_anomaly_One-Class_SVM,is_anomaly_Ensemble_(Majority)
user_000000,1,2025-01-12 01:01:09.196913,2025-01-12 01:01:09.196913,0,advanced,1,1.0,0,0,0,0,0
user_000001,1,2025-01-12 01:01:09.196913,2025-01-12 01:01:09.196913,0,basic,1,1.0,0,0,0,0,0
user_000002,1,2025-01-12 01:01:09.196913,2025-01-12 01:01:09.196913,0,advanced,1,1.0,0,0,0,0,0
user_000003,1,2025-01-12 01:01:09.196913,2025-01-12 01:01:09.196913,0,intermediate,1,1.0,0,0,0,0,0
user_000004,1,2025-01-12 01:01:09.196913,2025-01-12 01:01:09.196913,1,intermediate,1,1.0,0,0,0,0,0
user_000005,1,2025-01-12 01:01:09.196913,2025-01-12 01:01:09.196913,0,basic,1,1.0,0,0,0,0,0
user_000006,1,2025-01-12 01:01:09.196913,2025-01-12 01:01:09.196913,0,none,1,1.0,0,0,0,0,0
user_000007,1,2025-01-12 01:01:09.196913,2025-01-12 01:01:09.196913,0,advanced,1,1.0,0,0,0,0,0
user_000008,1,2025-01-12 01:01:09.196913,2025-01-12 01:01:09.196913,1,basic,1,1.0,0,0,0,0,0
user_000009,1,2025-01-12 01:01:09.196913,2025-01-12 01:01:09.196913,0,none,1,1.0,0,0,0,0,0
user_000010,1,2025-01-12 01:01:09.196913,2025-01-12 01:01:09.196913,1,intermediate,1,1.0,0,0,0,0,0
user_000011,1,2025-01-12 01:01:09.196913,2025-01-12 01:01:09.196913,1,advanced,1,1.0,0,0,0,0,0
user_000012,815,2024-08-04 01:01:09.196913,2024-08-11 01:01:09.196913,170,intermediate,7,116.42857142857144,0,0,0,1,0
user_000013,815,2024-06-09 01:01:09.196913,2024-06-09 01:01:09.196913,104,intermediate,1,815.0,0,0,0,1,0
user_000014,1,2025-01-12 01:01:09.196913,2025-01-12 01:01:09.196913,0,basic,1,1.0,0,0,0,0,0
user_000015,1,2025-01-12 01:01:09.196913,2025-01-12 01:01:09.196913,0,intermediate,1,1.0,0,0,0,0,0
user_000016,1,2025-01-12 01:01:09.196913,2025-01-12 01:01:09.196913,1,advanced,1,1.0,0,0,0,0,0
user_000017,1,2025-01-12 01:01:09.196913,2025-01-12 01:01:09.196913,1,advanced,1,1.0,0,0,0,0,0
user_000018,1,2025-01-12 01:01:09.196913,2025-01-12 01:01:09.196913,0,intermediate,1,1.0,0,0,0,0,0
user_000019,1,2025-01-12 01:01:09.196913,2025-01-12 01:01:09.196913,0,intermediate,1,1.0,0,0,0,0,0
user_000020,1,2025-01-12 01:01:09.196913,2025-01-12 01:01:09.196913,0,advanced,1,1.0,0,0,0,0,0
user_000021,1,2025-01-12 01:01:09.196913,2025-01-12 01:01:09.196913,0,basic,1,1.0,0,0,0,0,0
user_000022,1,2025-01-12 01:01:09.196913,2025-01-12 01:01:09.196913,1,intermediate,1,1.0,0,0,0,0,0
user_000023,1,2025-01-12 01:01:09.196913,2025-01-12 01:01:09.196913,0,advanced,1,1.0,0,0,0,0,0
user_000024,1,2025-01-12 01:01:09.196913,2025-01-12 01:01:09.196913,0,basic,1,1.0,0,0,0,0,0
user_000025,1,2025-01-12 01:01:09.196913,2025-01-12 01:01:09.196913,1,basic,1,1.0,0,0,0,0,0
user_000026,1,2025-01-12 01:01:09.196913,2025-01-12 01:01:09.196913,0,intermediate,1,1.0,0,0,0,0,0
user_000027,1,2025-01-12 01:01:09.196913,2025-01-12 01:01:09.196913,0,advanced,1,1.0,0,0,0,0,0
user_000028,1,2025-01-12 01:01:09.196913,2025-01-12 01:01:09.196913,1,basic,1,1.0,0,0,0,0,0
user_000029,1,2025-01-12 01:01:09.196913,2025-01-12 01:01:09.196913,0,basic,1,1.0,0,0,0,0,0
user_000030,1,2025-01-12 01:01:09.196913,2025-01-12 01:01:09.196913,0,advanced,1,1.0,0,0,0,0,0
user_000031,1,2025-01-12 01:01:09.196913,2025-01-12 01:01:09.196913,0,intermediate,1,1.0,0,0,0,0,0
user_000032,1,2025-01-12 01:01:09.196913,2025-01-12 01:01:09.196913,0,advanced,1,1.0,0,0,0,0,0
user_000033,1,2025-01-12 01:01:09.196913,2025-01-12 01:01:09.196913,0,advanced,1,1.0,0,0,0,0,0
user_000034,1,2025-01-12 01:01:09.196913,2025-01-12 01:01:09.196913,0,intermediate,1,1.0,0,0,0,0,0
user_000035,1,2025-01-12 01:01:09.196913,2025-01-12 01:01:09.196913,0,intermediate,1,1.0,0,0,0,0,0
user_000036,1,2025-01-12 01:01:09.196913,2025-01-12 01:01:09.196913,1,intermediate,1,1.0,0,0,0,0,0
user_000037,815,2024-06-23 01:01:09.196913,2024-06-23 01:01:09.196913,196,advanced,1,815.0,0,0,0,1,0
user_000038,1,2025-01-12 01:01:09.196913,2025-01-12 01:01:09.196913,0,advanced,1,1.0,0,0,0,0,0
user_000039,815,2024-04-21 01:01:09.196913,2024-04-21 01:01:09.196913,126,advanced,1,815.0,0,0,0,1,0
user_000040,815,2024-09-22 01:01:09.196913,2024-09-22 01:01:09.196913,155,basic,1,815.0,0,0,0,1,0
user_000041,815,2024-09-08 01:01:09.196913,2024-09-08 01:01:09.196913,210,intermediate,1,815.0,0,0,0,1,0
user_000042,816,2024-04-07 01:01:09.196913,2024-04-07 01:01:09.196913,225,intermediate,1,816.0,1,1,1,1,1
user_000043,815,2024-05-19 01:01:09.196913,2024-05-19 01:01:09.196913,134,basic,1,815.0,0,0,0,1,0
user_000044,1,2025-01-12 01:01:09.196913,2025-01-12 01:01:09.196913,0,basic,1,1.0,0,0,0,0,0
user_000045,1,2025-01-12 01:01:09.196913,2025-01-12 01:01:09.196913,0,intermediate,1,1.0,0,0,0,0,0
user_000046,815,2024-12-29 01:01:09.196913,2024-12-29 01:01:09.196913,334,basic,1,815.0,0,0,0,1,0
user_000047,815,2024-06-16 01:01:09.196913,2024-06-16 01:01:09.196913,106,advanced,1,815.0,0,0,0,1,0
user_000048,1,2025-01-12 01:01:09.196913,2025-01-12 01:01:09.196913,0,intermediate,1,1.0,0,0,0,0,0
user_000049,1,2025-01-12 01:01:09.196913,2025-01-12 01:01:09.196913,0,intermediate,1,1.0,0,0,0,0,0
user_000050,1,2025-01-12 01:01:09.196913,2025-01-12 01:01:09.196913,0,advanced,1,1.0,0,0,0,0,0
user_000051,815,2024-08-25 01:01:09.196913,2024-08-25 01:01:09.196913,113,advanced,1,815.0,0,0,0,1,0
user_000052,1,2025-01-12 01:01:09.196913,2025-01-12 01:01:09.196913,0,basic,1,1.0,0,0,0,0,0
user_000053,1,2025-01-12 01:01:09.196913,2025-01-12 01:01:09.196913,1,intermediate,1,1.0,0,0,0,0,0
user_000054,816,2024-04-07 01:01:09.196913,2024-04-07 01:01:09.196913,209,intermediate,1,816.0,1,1,1,1,1
user_000055,1,2025-01-12 01:01:09.196913,2025-01-12 01:01:09.196913,0,intermediate,1,1.0,0,0,0,0,0
user_000056,1,2025-01-12 01:01:09.196913,2025-01-12 01:01:09.196913,1,intermediate,1,1.0,0,0,0,0,0
user_000057,1,2025-01-12 01:01:09.196913,2025-01-12 01:01:09.196913,0,advanced,1,1.0,0,0,0,0,0
user_000058,1,2025-01-12 01:01:09.196913,2025-01-12 01:01:09.196913,0,intermediate,1,1.0,0,0,0,0,0
user_000059,1,2025-01-12 01:01:09.196913,2025-01-12 01:01:09.196913,0,intermediate,1,1.0,0,0,0,0,0
user_000060,1,2025-01-12 01:01:09.196913,2025-01-12 01:01:09.196913,0,intermediate,1,1.0,0,0,0,0,0
user_000061,1,2025-01-12 01:01:09.196913,2025-01-12 01:01:09.196913,1,none,1,1.0,0,0,0,0,0
user_000062,1,2025-01-12 01:01:09.196913,2025-01-12 01:01:09.196913,0,basic,1,1.0,0,0,0,0,0
user_000063,1,2025-01-12 01:01:09.196913,2025-01-12 01:01:09.196913,1,intermediate,1,1.0,0,0,0,0,0
user_000064,815,2024-09-01 01:01:09.196913,2024-09-08 01:01:09.196913,230,intermediate,7,116.42857142857144,0,0,0,1,0
user_000065,1,2025-01-12 01:01:09.196913,2025-01-12 01:01:09.196913,0,advanced,1,1.0,0,0,0,0,0
user_000066,1,2025-01-12 01:01:09.196913,2025-01-12 01:01:09.196913,0,basic,1,1.0,0,0,0,0,0
user_000067,1,2025-01-12 01:01:09.196913,2025-01-12 01:01:09.196913,1,basic,1,1.0,0,0,0,0,0
user_000068,1,2025-01-12 01:01:09.196913,2025-01-12 01:01:09.196913,1,advanced,1,1.0,0,0,0,0,0
user_000069,815,2024-12-08 01:01:09.196913,2024-12-08 01:01:09.196913,197,intermediate,1,815.0,0,0,0,1,0
user_000070,1,2025-01-12 01:01:09.196913,2025-01-12 01:01:09.196913,0,basic,1,1.0,0,0,0,0,0
user_000071,815,2024-07-14 01:01:09.196913,2024-07-21 01:01:09.196913,131,none,7,116.42857142857144,0,0,0,1,0
user_000072,815,2024-12-22 01:01:09.196913,2024-12-22 01:01:09.196913,190,advanced,1,815.0,0,0,0,1,0
user_000073,1,2025-01-12 01:01:09.196913,2025-01-12 01:01:09.196913,0,none,1,1.0,0,0,0,0,0
user_000074,1,2025-01-12 01:01:09.196913,2025-01-12 01:01:09.196913,0,intermediate,1,1.0,0,0,0,0,0
user_000075,1,2025-01-12 01:01:09.196913,2025-01-12 01:01:09.196913,0,basic,1,1.0,0,0,0,0,0
user_000076,1,2025-01-12 01:01:09.196913,2025-01-12 01:01:09.196913,0,advanced,1,1.0,0,0,0,0,0
user_000077,816,2024-04-14 01:01:09.196913,2024-04-14 01:01:09.196913,213,intermediate,1,816.0,1,1,1,1,1
user_000078,1,2025-01-12 01:01:09.196913,2025-01-12 01:01:09.196913,0,basic,1,1.0,0,0,0,0,0
user_000079,1,2025-01-12 01:01:09.196913,2025-01-12 01:01:09.196913,1,intermediate,1,1.0,0,0,0,0,0
user_000080,1,2025-01-12 01:01:09.196913,2025-01-12 01:01:09.196913,0,intermediate,1,1.0,0,0,0,0,0
user_000081,1,2025-01-12 01:01:09.196913,2025-01-12 01:01:09.196913,0,intermediate,1,1.0,0,0,0,0,0
user_000082,1,2025-01-12 01:01:09.196913,2025-01-12 01:01:09.196913,0,advanced,1,1.0,0,0,0,0,0
user_000083,816,2024-04-07 01:01:09.196913,2024-04-07 01:01:09.196913,225,intermediate,1,816.0,1,1,1,1,1
user_000084,815,2024-11-10 01:01:09.196913,2024-11-10 01:01:09.196913,224,intermediate,1,815.0,0,0,0,1,0
user_000085,815,2024-04-21 01:01:09.196913,2024-04-21 01:01:09.196913,196,basic,1,815.0,0,0,0,1,0
user_000086,815,2024-09-08 01:01:09.196913,2024-09-08 01:01:09.196913,205,basic,1,815.0,0,0,0,1,0
user_000087,1,2025-01-12 01:01:09.196913,2025-01-12 01:01:09.196913,0,advanced,1,1.0,0,0,0,0,0
user_000088,1,2025-01-12 01:01:09.196913,2025-01-12 01:01:09.196913,0,intermediate,1,1.0,0,0,0,0,0
user_000089,1,2025-01-12 01:01:09.196913,2025-01-12 01:01:09.196913,0,intermediate,1,1.0,0,0,0,0,0
user_000090,1,2025-01-12 01:01:09.196913,2025-01-12 01:01:09.196913,0,basic,1,1.0,0,0,0,0,0
user_000091,1,2025-01-12 01:01:09.196913,2025-01-12 01:01:09.196913,0,advanced,1,1.0,0,0,0,0,0
user_000092,1,2025-01-12 01:01:09.196913,2025-01-12 01:01:09.196913,0,intermediate,1,1.0,0,0,0,0,0
user_000093,1,2025-01-12 01:01:09.196913,2025-01-12 01:01:09.196913,1,advanced,1,1.0,0,0,0,0,0
user_000094,815,2024-05-05 01:01:09.196913,2024-05-05 01:01:09.196913,217,intermediate,1,815.0,0,0,0,1,0
user_000095,1,2025-01-12 01:01:09.196913,2025-01-12 01:01:09.196913,0,advanced,1,1.0,0,0,0,0,0
user_000096,1,2025-01-12 01:01:09.196913,2025-01-12 01:01:09.196913,0,intermediate,1,1.0,0,0,0,0,0
user_000097,1,2025-01-12 01:01:09.196913,2025-01-12 01:01:09.196913,0,basic,1,1.0,0,0,0,0,0
user_000098,1,2025-01-12 01:01:09.196913,2025-01-12 01:01:09.196913,0,basic,1,1.0,0,0,0,0,0
user_000099,1,2025-01-12 01:01:09.196913,2025-01-12 01:01:09.196913,0,intermediate,1,1.0,0,0,0,0,0
user_000100,1,2025-01-12 01:01:09.196913,2025-01-12 01:01:09.196913,0,advanced,1,1.0,0,0,0,0,0
user_000101,1,2025-01-12 01:01:09.196913,2025-01-12 01:01:09.196913,1,none,1,1.0,0,0,0,0,0
user_000102,1,2025-01-12 01:01:09.196913,2025-01-12 01:01:09.196913,0,basic,1,1.0,0,0,0,0,0
user_000103,1,2025-01-12 01:01:09.196913,2025-01-12 01:01:09.196913,0,none,1,1.0,0,0,0,0,0
user_000104,815,2024-04-21 01:01:09.196913,2024-04-21 01:01:09.196913,151,intermediate,1,815.0,0,0,0,1,0
user_000105,1,2025-01-12 01:01:09.196913,2025-01-12 01:01:09.196913,0,intermediate,1,1.0,0,0,0,0,0
user_000106,1,2025-01-12 01:01:09.196913,2025-01-12 01:01:09.196913,0,basic,1,1.0,0,0,0,0,0
user_000107,1,2025-01-12 01:01:09.196913,2025-01-12 01:01:09.196913,0,intermediate,1,1.0,0,0,0,0,0
user_000108,1,2025-01-12 01:01:09.196913,2025-01-12 01:01:09.196913,0,intermediate,1,1.0,0,0,0,0,0
user_000109,1,2025-01-12 01:01:09.196913,2025-01-12 01:01:09.196913,0,advanced,1,1.0,0,0,0,0,0
user_000110,1,2025-01-12 01:01:09.196913,2025-01-12 01:01:09.196913,0,advanced,1,1.0,0,0,0,0,0
user_000111,1,2025-01-12 01:01:09.196913,2025-01-12 01:01:09.196913,1,intermediate,1,1.0,0,0,0,0,0
user_000112,815,2024-07-14 01:01:09.196913,2024-07-14 01:01:09.196913,110,basic,1,815.0,0,0,0,1,0
user_000113,1,2025-01-12 01:01:09.196913,2025-01-12 01:01:09.196913,0,intermediate,1,1.0,0,0,0,0,0
user_000114,1,2025-01-12 01:01:09.196913,2025-01-12 01:01:09.196913,1,advanced,1,1.0,0,0,0,0,0
user_000115,1,2025-01-12 01:01:09.196913,2025-01-12 01:01:09.196913,0,basic,1,1.0,0,0,0,0,0
user_000116,1,2025-01-12 01:01:09.196913,2025-01-12 01:01:09.196913,0,advanced,1,1.0,0,0,0,0,0
user_000117,815,2024-06-02 01:01:09.196913,2024-06-02 01:01:09.196913,85,advanced,1,815.0,0,0,0,1,0
user_000118,1,2025-01-12 01:01:09.196913,2025-01-12 01:01:09.196913,0,basic,1,1.0,0,0,0,0,0
user_000119,1,2025-01-12 01:01:09.196913,2025-01-12 01:01:09.196913,0,intermediate,1,1.0,0,0,0,0,0
user_000120,1,2025-01-12 01:01:09.196913,2025-01-12 01:01:09.196913,0,advanced,1,1.0,0,0,0,0,0
user_000121,1,2025-01-12 01:01:09.196913,2025-01-12 01:01:09.196913,0,intermediate,1,1.0,0,0,0,0,0
user_000122,816,2024-04-07 01:01:09.196913,2024-04-07 01:01:09.196913,224,intermediate,1,816.0,1,1,1,1,1
user_000123,1,2025-01-12 01:01:09.196913,2025-01-12 01:01:09.196913,0,advanced,1,1.0,0,0,0,0,0
user_000124,1,2025-01-12 01:01:09.196913,2025-01-12 01:01:09.196913,0,basic,1,1.0,0,0,0,0,0
user_000125,1,2025-01-12 01:01:09.196913,2025-01-12 01:01:09.196913,0,intermediate,1,1.0,0,0,0,0,0
user_000126,815,2024-06-09 01:01:09.196913,2024-06-09 01:01:09.196913,111,basic,1,815.0,0,0,0,1,0
user_000127,1,2025-01-12 01:01:09.196913,2025-01-12 01:01:09.196913,0,intermediate,1,1.0,0,0,0,0,0
user_000128,815,2024-06-09 01:01:09.196913,2024-06-16 01:01:09.196913,118,advanced,7,116.42857142857144,0,0,0,1,0
user_000129,1,2025-01-12 01:01:09.196913,2025-01-12 01:01:09.196913,1,intermediate,1,1.0,0,0,0,0,0
user_000130,815,2024-08-11 01:01:09.196913,2024-08-11 01:01:09.196913,171,intermediate,1,815.0,0,0,0,1,0
user_000131,1,2025-01-12 01:01:09.196913,2025-01-12 01:01:09.196913,0,intermediate,1,1.0,0,0,0,0,0
user_000132,1,2025-01-12 01:01:09.196913,2025-01-12 01:01:09.196913,0,intermediate,1,1.0,0,0,0,0,0
user_000133,1,2025-01-12 01:01:09.196913,2025-01-12 01:01:09.196913,0,intermediate,1,1.0,0,0,0,0,0
user_000134,1,2025-01-12 01:01:09.196913,2025-01-12 01:01:09.196913,0,basic,1,1.0,0,0,0,0,0
user_000135,1,2025-01-12 01:01:09.196913,2025-01-12 01:01:09.196913,0,none,1,1.0,0,0,0,0,0
user_000136,1,2025-01-12 01:01:09.196913,2025-01-12 01:01:09.196913,1,advanced,1,1.0,0,0,0,0,0
user_000137,1,2025-01-12 01:01:09.196913,2025-01-12 01:01:09.196913,0,intermediate,1,1.0,0,0,0,0,0
user_000138,1,2025-01-12 01:01:09.196913,2025-01-12 01:01:09.196913,0,intermediate,1,1.0,0,0,0,0,0
user_000139,815,2024-07-07 01:01:09.196913,2024-07-07 01:01:09.196913,139,basic,1,815.0,0,0,0,1,0
user_000140,815,2024-07-07 01:01:09.196913,2024-07-14 01:01:09.196913,128,basic,7,116.42857142857144,0,0,0,1,0
user_000141,815,2024-05-26 01:01:09.196913,2024-05-26 01:01:09.196913,170,intermediate,1,815.0,0,0,0,1,0
user_000142,1,2025-01-12 01:01:09.196913,2025-01-12 01:01:09.196913,0,advanced,1,1.0,0,0,0,0,0
user_000143,1,2025-01-12 01:01:09.196913,2025-01-12 01:01:09.196913,0,advanced,1,1.0,0,0,0,0,0
user_000144,1,2025-01-12 01:01:09.196913,2025-01-12 01:01:09.196913,0,basic,1,1.0,0,0,0,0,0
user_000145,1,2025-01-12 01:01:09.196913,2025-01-12 01:01:09.196913,0,advanced,1,1.0,0,0,0,0,0
user_000146,1,2025-01-12 01:01:09.196913,2025-01-12 01:01:09.196913,0,basic,1,1.0,0,0,0,0,0
user_000147,1,2025-01-12 01:01:09.196913,2025-01-12 01:01:09.196913,0,intermediate,1,1.0,0,0,0,0,0
user_000148,1,2025-01-12 01:01:09.196913,2025-01-12 01:01:09.196913,0,advanced,1,1.0,0,0,0,0,0
user_000149,1,2025-01-12 01:01:09.196913,2025-01-12 01:01:09.196913,0,advanced,1,1.0,0,0,0,0,0
user_000150,1,2025-01-12 01:01:09.196913,2025-01-12 01:01:09.196913,1,intermediate,1,1.0,0,0,0,0,0
user_000151,1,2025-01-12 01:01:09.196913,2025-01-12 01:01:09.196913,0,basic,1,1.0,0,0,0,0,0
user_000152,815,2024-09-15 01:01:09.196913,2024-09-15 01:01:09.196913,157,intermediate,1,815.0,0,0,0,1,0
user_000153,1,2025-01-12 01:01:09.196913,2025-01-12 01:01:09.196913,0,intermediate,1,1.0,0,0,0,0,0
user_000154,815,2024-09-01 01:01:09.196913,2024-09-01 01:01:09.196913,241,advanced,1,815.0,0,0,0,1,0
user_000155,1,2025-01-12 01:01:09.196913,2025-01-12 01:01:09.196913,1,basic,1,1.0,0,0,0,0,0
user_000156,1,2025-01-12 01:01:09.196913,2025-01-12 01:01:09.196913,0,intermediate,1,1.0,0,0,0,0,0
user_000157,815,2024-08-18 01:01:09.196913,2024-08-18 01:01:09.196913,104,intermediate,1,815.0,0,0,0,1,0
user_000158,1,2025-01-12 01:01:09.196913,2025-01-12 01:01:09.196913,0,intermediate,1,1.0,0,0,0,0,0
user_000159,1,2025-01-12 01:01:09.196913,2025-01-12 01:01:09.196913,0,intermediate,1,1.0,0,0,0,0,0
user_000160,815,2024-07-14 01:01:09.196913,2024-07-14 01:01:09.196913,103,basic,1,815.0,0,0,0,1,0
user_000161,1,2025-01-12 01:01:09.196913,2025-01-12 01:01:09.196913,0,advanced,1,1.0,0,0,0,0,0
user_000162,1,2025-01-12 01:01:09.196913,2025-01-12 01:01:09.196913,0,intermediate,1,1.0,0,0,0,0,0
user_000163,1,2025-01-12 01:01:09.196913,2025-01-12 01:01:09.196913,0,advanced,1,1.0,0,0,0,0,0
user_000164,1,2025-01-12 01:01:09.196913,2025-01-12 01:01:09.196913,0,advanced,1,1.0,0,0,0,0,0
user_000165,1,2025-01-12 01:01:09.196913,2025-01-12 01:01:09.196913,0,intermediate,1,1.0,0,0,0,0,0
user_000166,1,2025-01-12 01:01:09.196913,2025-01-12 01:01:09.196913,0,advanced,1,1.0,0,0,0,0,0
user_000167,1,2025-01-12 01:01:09.196913,2025-01-12 01:01:09.196913,0,advanced,1,1.0,0,0,0,0,0
user_000168,1,2025-01-12 01:01:09.196913,2025-01-12 01:01:09.196913,0,basic,1,1.0,0,0,0,0,0
user_000169,1,2025-01-12 01:01:09.196913,2025-01-12 01:01:09.196913,0,intermediate,1,1.0,0,0,0,0,0
user_000170,1,2025-01-12 01:01:09.196913,2025-01-12 01:01:09.196913,0,advanced,1,1.0,0,0,0,0,0
user_000171,1,2025-01-12 01:01:09.196913,2025-01-12 01:01:09.196913,0,advanced,1,1.0,0,0,0,0,0
user_000172,815,2024-10-27 01:01:09.196913,2024-10-27 01:01:09.196913,119,advanced,1,815.0,0,0,0,1,0
user_000173,1,2025-01-12 01:01:09.196913,2025-01-12 01:01:09.196913,1,advanced,1,1.0,0,0,0,0,0
user_000174,1,2025-01-12 01:01:09.196913,2025-01-12 01:01:09.196913,0,advanced,1,1.0,0,0,0,0,0
user_000175,1,2025-01-12 01:01:09.196913,2025-01-12 01:01:09.196913,0,basic,1,1.0,0,0,0,0,0
user_000176,815,2025-01-05 01:01:09.196913,2025-01-05 01:01:09.196913,193,intermediate,1,815.0,0,0,0,1,0
user_000177,1,2025-01-12 01:01:09.196913,2025-01-12 01:01:09.196913,0,intermediate,1,1.0,0,0,0,0,0
user_000178,1,2025-01-12 01:01:09.196913,2025-01-12 01:01:09.196913,1,basic,1,1.0,0,0,0,0,0
user_000179,815,2025-01-05 01:01:09.196913,2025-01-05 01:01:09.196913,177,intermediate,1,815.0,0,0,0,1,0
user_000180,1,2025-01-12 01:01:09.196913,2025-01-12 01:01:09.196913,0,advanced,1,1.0,0,0,0,0,0
user_000181,816,2024-04-07 01:01:09.196913,2024-04-07 01:01:09.196913,213,advanced,1,816.0,1,1,1,1,1
user_000182,815,2024-09-15 01:01:09.196913,2024-09-22 01:01:09.196913,162,intermediate,7,116.42857142857144,0,0,0,1,0
user_000183,1,2025-01-12 01:01:09.196913,2025-01-12 01:01:09.196913,0,intermediate,1,1.0,0,0,0,0,0
user_000184,1,2025-01-12 01:01:09.196913,2025-01-12 01:01:09.196913,1,basic,1,1.0,0,0,0,0,0
user_000185,1,2025-01-12 01:01:09.196913,2025-01-12 01:01:09.196913,0,intermediate,1,1.0,0,0,0,0,0
user_000186,1,2025-01-12 01:01:09.196913,2025-01-12 01:01:09.196913,0,advanced,1,1.0,0,0,0,0,0
user_000187,1,2025-01-12 01:01:09.196913,2025-01-12 01:01:09.196913,0,advanced,1,1.0,0,0,0,0,0
user_000188,815,2024-04-07 01:01:09.196913,2024-04-07 01:01:09.196913,240,intermediate,1,815.0,0,0,0,1,0
user_000189,1,2025-01-12 01:01:09.196913,2025-01-12 01:01:09.196913,0,intermediate,1,1.0,0,0,0,0,0
user_000190,815,2024-09-08 01:01:09.196913,2024-09-15 01:01:09.196913,229,basic,7,116.42857142857144,0,0,0,1,0
user_000191,1,2025-01-12 01:01:09.196913,2025-01-12 01:01:09.196913,0,advanced,1,1.0,0,0,0,0,0
user_000192,1,2025-01-12 01:01:09.196913,2025-01-12 01:01:09.196913,0,intermediate,1,1.0,0,0,0,0,0
user_000193,1,2025-01-12 01:01:09.196913,2025-01-12 01:01:09.196913,0,none,1,1.0,0,0,0,0,0
user_000194,1,2025-01-12 01:01:09.196913,2025-01-12 01:01:09.196913,0,advanced,1,1.0,0,0,0,0,0
user_000195,1,2025-01-12 01:01:09.196913,2025-01-12 01:01:09.196913,0,intermediate,1,1.0,0,0,0,0,0
user_000196,1,2025-01-12 01:01:09.196913,2025-01-12 01:01:09.196913,0,intermediate,1,1.0,0,0,0,0,0
user_000197,816,2024-04-07 01:01:09.196913,2024-04-07 01:01:09.196913,200,basic,1,816.0,1,1,1,1,1
user_000198,1,2025-01-12 01:01:09.196913,2025-01-12 01:01:09.196913,0,intermediate,1,1.0,0,0,0,0,0
user_000199,1,2025-01-12 01:01:09.196913,2025-01-12 01:01:09.196913,0,intermediate,1,1.0,0,0,0,0,0
user_000200,1,2025-01-12 01:01:09.196913,2025-01-12 01:01:09.196913,0,basic,1,1.0,0,0,0,0,0
user_000201,1,2025-01-12 01:01:09.196913,2025-01-12 01:01:09.196913,0,advanced,1,1.0,0,0,0,0,0
user_000202,1,2025-01-12 01:01:09.196913,2025-01-12 01:01:09.196913,0,basic,1,1.0,0,0,0,0,0
user_000203,815,2024-04-28 01:01:09.196913,2024-04-28 01:01:09.196913,201,basic,1,815.0,0,0,0,1,0
user_000204,815,2024-06-02 01:01:09.196913,2024-06-02 01:01:09.196913,94,intermediate,1,815.0,0,0,0,1,0
user_000205,1,2025-01-12 01:01:09.196913,2025-01-12 01:01:09.196913,0,advanced,1,1.0,0,0,0,0,0
user_000206,815,2024-07-28 01:01:09.196913,2024-07-28 01:01:09.196913,171,intermediate,1,815.0,0,0,0,1,0
user_000207,1,2025-01-12 01:01:09.196913,2025-01-12 01:01:09.196913,0,advanced,1,1.0,0,0,0,0,0
user_000208,815,2024-06-30 01:01:09.196913,2024-06-30 01:01:09.196913,96,intermediate,1,815.0,0,0,0,1,0
user_000209,815,2024-06-02 01:01:09.196913,2024-06-02 01:01:09.196913,79,basic,1,815.0,0,0,0,1,0
user_000210,815,2024-05-19 01:01:09.196913,2024-05-19 01:01:09.196913,151,advanced,1,815.0,0,0,0,1,0
user_000211,1,2025-01-12 01:01:09.196913,2025-01-12 01:01:09.196913,1,intermediate,1,1.0,0,0,0,0,0
user_000212,1,2025-01-12 01:01:09.196913,2025-01-12 01:01:09.196913,0,intermediate,1,1.0,0,0,0,0,0
user_000213,1,2025-01-12 01:01:09.196913,2025-01-12 01:01:09.196913,0,basic,1,1.0,0,0,0,0,0
user_000214,815,2024-10-13 01:01:09.196913,2024-10-13 01:01:09.196913,101,intermediate,1,815.0,0,0,0,1,0
user_000215,1,2025-01-12 01:01:09.196913,2025-01-12 01:01:09.196913,0,advanced,1,1.0,0,0,0,0,0
user_000216,1,2025-01-12 01:01:09.196913,2025-01-12 01:01:09.196913,0,advanced,1,1.0,0,0,0,0,0
user_000217,1,2025-01-12 01:01:09.196913,2025-01-12 01:01:09.196913,0,intermediate,1,1.0,0,0,0,0,0
user_000218,815,2024-05-19 01:01:09.196913,2024-05-26 01:01:09.196913,238,intermediate,7,116.42857142857144,0,0,0,1,0
user_000219,815,2024-05-05 01:01:09.196913,2024-05-05 01:01:09.196913,233,basic,1,815.0,0,0,0,1,0
user_000220,1,2025-01-12 01:01:09.196913,2025-01-12 01:01:09.196913,0,intermediate,1,1.0,0,0,0,0,0
user_000221,1,2025-01-12 01:01:09.196913,2025-01-12 01:01:09.196913,0,none,1,1.0,0,0,0,0,0
user_000222,816,2024-04-14 01:01:09.196913,2024-04-14 01:01:09.196913,190,basic,1,816.0,1,1,1,1,1
user_000223,815,2024-05-05 01:01:09.196913,2024-05-05 01:01:09.196913,201,intermediate,1,815.0,0,0,0,1,0
user_000224,1,2025-01-12 01:01:09.196913,2025-01-12 01:01:09.196913,0,advanced,1,1.0,0,0,0,0,0
user_000225,1,2025-01-12 01:01:09.196913,2025-01-12 01:01:09.196913,0,none,1,1.0,0,0,0,0,0
user_000226,1,2025-01-12 01:01:09.196913,2025-01-12 01:01:09.196913,0,intermediate,1,1.0,0,0,0,0,0
user_000227,1,2025-01-12 01:01:09.196913,2025-01-12 01:01:09.196913,0,advanced,1,1.0,0,0,0,0,0
user_000228,1,2025-01-12 01:01:09.196913,2025-01-12 01:01:09.196913,0,advanced,1,1.0,0,0,0,0,0
user_000229,1,2025-01-12 01:01:09.196913,2025-01-12 01:01:09.196913,0,intermediate,1,1.0,0,0,0,0,0
user_000230,1,2025-01-12 01:01:09.196913,2025-01-12 01:01:09.196913,0,advanced,1,1.0,0,0,0,0,0
user_000231,1,2025-01-12 01:01:09.196913,2025-01-12 01:01:09.196913,0,advanced,1,1.0,0,0,0,0,0
user_000232,1,2025-01-12 01:01:09.196913,2025-01-12 01:01:09.196913,0,advanced,1,1.0,0,0,0,0,0
user_000233,1,2025-01-12 01:01:09.196913,2025-01-12 01:01:09.196913,0,advanced,1,1.0,0,0,0,0,0
user_000234,1,2025-01-12 01:01:09.196913,2025-01-12 01:01:09.196913,0,advanced,1,1.0,0,0,0,0,0
user_000235,815,2024-09-01 01:01:09.196913,2024-09-01 01:01:09.196913,232,intermediate,1,815.0,0,0,0,1,0
user_000236,1,2025-01-12 01:01:09.196913,2025-01-12 01:01:09.196913,0,basic,1,1.0,0,0,0,0,0
user_000237,1,2025-01-12 01:01:09.196913,2025-01-12 01:01:09.196913,0,basic,1,1.0,0,0,0,0,0
user_000238,1,2025-01-12 01:01:09.196913,2025-01-12 01:01:09.196913,0,intermediate,1,1.0,0,0,0,0,0
user_000239,1,2025-01-12 01:01:09.196913,2025-01-12 01:01:09.196913,0,advanced,1,1.0,0,0,0,0,0
user_000240,1,2025-01-12 01:01:09.196913,2025-01-12 01:01:09.196913,0,basic,1,1.0,0,0,0,0,0
user_000241,1,2025-01-12 01:01:09.196913,2025-01-12 01:01:09.196913,0,none,1,1.0,0,0,0,0,0
user_000242,1,2025-01-12 01:01:09.196913,2025-01-12 01:01:09.196913,0,intermediate,1,1.0,0,0,0,0,0
user_000243,1,2025-01-12 01:01:09.196913,2025-01-12 01:01:09.196913,1,advanced,1,1.0,0,0,0,0,0
user_000244,1,2025-01-12 01:01:09.196913,2025-01-12 01:01:09.196913,0,basic,1,1.0,0,0,0,0,0
user_000245,1,2025-01-12 01:01:09.196913,2025-01-12 01:01:09.196913,0,intermediate,1,1.0,0,0,0,0,0
user_000246,1,2025-01-12 01:01:09.196913,2025-01-12 01:01:09.196913,0,advanced,1,1.0,0,0,0,0,0
user_000247,1,2025-01-12 01:01:09.196913,2025-01-12 01:01:09.196913,0,intermediate,1,1.0,0,0,0,0,0
user_000248,1,2025-01-12 01:01:09.196913,2025-01-12 01:01:09.196913,0,intermediate,1,1.0,0,0,0,0,0
user_000249,1,2025-01-12 01:01:09.196913,2025-01-12 01:01:09.196913,0,advanced,1,1.0,0,0,0,0,0
user_000250,1,2025-01-12 01:01:09.196913,2025-01-12 01:01:09.196913,0,advanced,1,1.0,0,0,0,0,0
user_000251,1,2025-01-12 01:01:09.196913,2025-01-12 01:01:09.196913,0,basic,1,1.0,0,0,0,0,0
user_000252,815,2024-12-01 01:01:09.196913,2024-12-01 01:01:09.196913,175,basic,1,815.0,0,0,0,1,0
user_000253,815,2024-12-01 01:01:09.196913,2024-12-01 01:01:09.196913,168,intermediate,1,815.0,0,0,0,1,0
user_000254,1,2025-01-12 01:01:09.196913,2025-01-12 01:01:09.196913,0,basic,1,1.0,0,0,0,0,0
user_000255,815,2024-12-08 01:01:09.196913,2024-12-08 01:01:09.196913,184,advanced,1,815.0,0,0,0,1,0
user_000256,1,2025-01-12 01:01:09.196913,2025-01-12 01:01:09.196913,0,advanced,1,1.0,0,0,0,0,0
user_000257,1,2025-01-12 01:01:09.196913,2025-01-12 01:01:09.196913,0,intermediate,1,1.0,0,0,0,0,0
user_000258,815,2024-09-29 01:01:09.196913,2024-10-06 01:01:09.196913,119,intermediate,7,116.42857142857144,0,0,0,1,0
user_000259,815,2024-09-01 01:01:09.196913,2024-09-01 01:01:09.196913,229,advanced,1,815.0,0,0,0,1,0
user_000260,1,2025-01-12 01:01:09.196913,2025-01-12 01:01:09.196913,0,intermediate,1,1.0,0,0,0,0,0
user_000261,1,2025-01-12 01:01:09.196913,2025-01-12 01:01:09.196913,0,intermediate,1,1.0,0,0,0,0,0
user_000262,815,2024-11-24 01:01:09.196913,2024-12-01 01:01:09.196913,179,intermediate,7,116.42857142857144,0,0,0,1,0
user_000263,1,2025-01-12 01:01:09.196913,2025-01-12 01:01:09.196913,0,advanced,1,1.0,0,0,0,0,0
user_000264,1,2025-01-12 01:01:09.196913,2025-01-12 01:01:09.196913,0,advanced,1,1.0,0,0,0,0,0
user_000265,815,2024-10-27 01:01:09.196913,2024-11-03 01:01:09.196913,175,intermediate,7,116.42857142857144,0,0,0,1,0
user_000266,1,2025-01-12 01:01:09.196913,2025-01-12 01:01:09.196913,1,basic,1,1.0,0,0,0,0,0
user_000267,1,2025-01-12 01:01:09.196913,2025-01-12 01:01:09.196913,0,intermediate,1,1.0,0,0,0,0,0
user_000268,815,2024-06-16 01:01:09.196913,2024-06-16 01:01:09.196913,96,intermediate,1,815.0,0,0,0,1,0
user_000269,815,2024-06-02 01:01:09.196913,2024-06-02 01:01:09.196913,104,basic,1,815.0,0,0,0,1,0
user_000270,1,2025-01-12 01:01:09.196913,2025-01-12 01:01:09.196913,0,intermediate,1,1.0,0,0,0,0,0
user_000271,1,2025-01-12 01:01:09.196913,2025-01-12 01:01:09.196913,1,basic,1,1.0,0,0,0,0,0
user_000272,1,2025-01-12 01:01:09.196913,2025-01-12 01:01:09.196913,0,none,1,1.0,0,0,0,0,0
user_000273,815,2024-05-26 01:01:09.196913,2024-05-26 01:01:09.196913,169,advanced,1,815.0,0,0,0,1,0
user_000274,1,2025-01-12 01:01:09.196913,2025-01-12 01:01:09.196913,0,intermediate,1,1.0,0,0,0,0,0
user_000275,815,2024-11-10 01:01:09.196913,2024-11-10 01:01:09.196913,154,basic,1,815.0,0,0,0,1,0
user_000276,1,2025-01-12 01:01:09.196913,2025-01-12 01:01:09.196913,0,intermediate,1,1.0,0,0,0,0,0
user_000277,1,2025-01-12 01:01:09.196913,2025-01-12 01:01:09.196913,0,advanced,1,1.0,0,0,0,0,0
user_000278,1,2025-01-12 01:01:09.196913,2025-01-12 01:01:09.196913,0,none,1,1.0,0,0,0,0,0
user_000279,1,2025-01-12 01:01:09.196913,2025-01-12 01:01:09.196913,0,advanced,1,1.0,0,0,0,0,0
user_000280,1,2025-01-12 01:01:09.196913,2025-01-12 01:01:09.196913,0,intermediate,1,1.0,0,0,0,0,0
user_000281,1,2025-01-12 01:01:09.196913,2025-01-12 01:01:09.196913,0,none,1,1.0,0,0,0,0,0
user_000282,1,2025-01-12 01:01:09.196913,2025-01-12 01:01:09.196913,0,basic,1,1.0,0,0,0,0,0
user_000283,1,2025-01-12 01:01:09.196913,2025-01-12 01:01:09.196913,0,advanced,1,1.0,0,0,0,0,0
user_000284,815,2024-07-21 01:01:09.196913,2024-07-21 01:01:09.196913,103,none,1,815.0,0,0,0,1,0
user_000285,1,2025-01-12 01:01:09.196913,2025-01-12 01:01:09.196913,0,advanced,1,1.0,0,0,0,0,0
user_000286,1,2025-01-12 01:01:09.196913,2025-01-12 01:01:09.196913,0,basic,1,1.0,0,0,0,0,0
user_000287,1,2025-01-12 01:01:09.196913,2025-01-12 01:01:09.196913,0,basic,1,1.0,0,0,0,0,0
user_000288,1,2025-01-12 01:01:09.196913,2025-01-12 01:01:09.196913,0,intermediate,1,1.0,0,0,0,0,0
user_000289,1,2025-01-12 01:01:09.196913,2025-01-12 01:01:09.196913,0,intermediate,1,1.0,0,0,0,0,0
user_000290,1,2025-01-12 01:01:09.196913,2025-01-12 01:01:09.196913,1,intermediate,1,1.0,0,0,0,0,0
user_000291,1,2025-01-12 01:01:09.196913,2025-01-12 01:01:09.196913,0,intermediate,1,1.0,0,0,0,0,0
user_000292,1,2025-01-12 01:01:09.196913,2025-01-12 01:01:09.196913,1,advanced,1,1.0,0,0,0,0,0
user_000293,1,2025-01-12 01:01:09.196913,2025-01-12 01:01:09.196913,0,basic,1,1.0,0,0,0,0,0
user_000294,1,2025-01-12 01:01:09.196913,2025-01-12 01:01:09.196913,0,advanced,1,1.0,0,0,0,0,0
user_000295,1,2025-01-12 01:01:09.196913,2025-01-12 01:01:09.196913,0,intermediate,1,1.0,0,0,0,0,0
user_000296,815,2024-08-18 01:01:09.196913,2024-08-18 01:01:09.196913,131,intermediate,1,815.0,0,0,0,1,0
user_000297,1,2025-01-12 01:01:09.196913,2025-01-12 01:01:09.196913,1,advanced,1,1.0,0,0,0,0,0
user_000298,1,2025-01-12 01:01:09.196913,2025-01-12 01:01:09.196913,0,intermediate,1,1.0,0,0,0,0,0
user_000299,815,2025-01-05 01:01:09.196913,2025-01-05 01:01:09.196913,232,intermediate,1,815.0,0,0,0,1,0
user_000300,815,2024-05-19 01:01:09.196913,2024-05-19 01:01:09.196913,143,none,1,815.0,0,0,0,1,0
user_000301,1,2025-01-12 01:01:09.196913,2025-01-12 01:01:09.196913,1,advanced,1,1.0,0,0,0,0,0
user_000302,1,2025-01-12 01:01:09.196913,2025-01-12 01:01:09.196913,0,basic,1,1.0,0,0,0,0,0
user_000303,1,2025-01-12 01:01:09.196913,2025-01-12 01:01:09.196913,0,advanced,1,1.0,0,0,0,0,0
user_000304,815,2024-09-15 01:01:09.196913,2024-09-15 01:01:09.196913,161,intermediate,1,815.0,0,0,0,1,0
user_000305,1,2025-01-12 01:01:09.196913,2025-01-12 01:01:09.196913,0,advanced,1,1.0,0,0,0,0,0
user_000306,815,2024-04-21 01:01:09.196913,2024-04-28 01:01:09.196913,203,advanced,7,116.42857142857144,0,0,0,1,0
user_000307,1,2025-01-12 01:01:09.196913,2025-01-12 01:01:09.196913,1,intermediate,1,1.0,0,0,0,0,0
user_000308,815,2024-05-05 01:01:09.196913,2024-05-05 01:01:09.196913,203,advanced,1,815.0,0,0,0,1,0
user_000309,815,2024-12-15 01:01:09.196913,2024-12-22 01:01:09.196913,138,basic,7,116.42857142857144,0,0,0,1,0
user_000310,1,2025-01-12 01:01:09.196913,2025-01-12 01:01:09.196913,0,advanced,1,1.0,0,0,0,0,0
user_000311,1,2025-01-12 01:01:09.196913,2025-01-12 01:01:09.196913,0,advanced,1,1.0,0,0,0,0,0
user_000312,1,2025-01-12 01:01:09.196913,2025-01-12 01:01:09.196913,0,basic,1,1.0,0,0,0,0,0
user_000313,1,2025-01-12 01:01:09.196913,2025-01-12 01:01:09.196913,0,basic,1,1.0,0,0,0,0,0
user_000314,1,2025-01-12 01:01:09.196913,2025-01-12 01:01:09.196913,0,intermediate,1,1.0,0,0,0,0,0
user_000315,1,2025-01-12 01:01:09.196913,2025-01-12 01:01:09.196913,0,advanced,1,1.0,0,0,0,0,0
user_000316,815,2024-10-13 01:01:09.196913,2024-10-20 01:01:09.196913,100,intermediate,7,116.42857142857144,0,0,0,1,0
user_000317,1,2025-01-12 01:01:09.196913,2025-01-12 01:01:09.196913,0,intermediate,1,1.0,0,0,0,0,0
user_000318,1,2025-01-12 01:01:09.196913,2025-01-12 01:01:09.196913,0,none,1,1.0,0,0,0,0,0
user_000319,1,2025-01-12 01:01:09.196913,2025-01-12 01:01:09.196913,0,intermediate,1,1.0,0,0,0,0,0
user_000320,1,2025-01-12 01:01:09.196913,2025-01-12 01:01:09.196913,0,intermediate,1,1.0,0,0,0,0,0
user_000321,1,2025-01-12 01:01:09.196913,2025-01-12 01:01:09.196913,0,intermediate,1,1.0,0,0,0,0,0
user_000322,1,2025-01-12 01:01:09.196913,2025-01-12 01:01:09.196913,0,advanced,1,1.0,0,0,0,0,0
user_000323,1,2025-01-12 01:01:09.196913,2025-01-12 01:01:09.196913,0,basic,1,1.0,0,0,0,0,0
user_000324,815,2024-12-29 01:01:09.196913,2025-01-05 01:01:09.196913,256,advanced,7,116.42857142857144,0,0,0,1,0
user_000325,1,2025-01-12 01:01:09.196913,2025-01-12 01:01:09.196913,1,none,1,1.0,0,0,0,0,0
user_000326,1,2025-01-12 01:01:09.196913,2025-01-12 01:01:09.196913,0,intermediate,1,1.0,0,0,0,0,0
user_000327,1,2025-01-12 01:01:09.196913,2025-01-12 01:01:09.196913,0,basic,1,1.0,0,0,0,0,0
user_000328,1,2025-01-12 01:01:09.196913,2025-01-12 01:01:09.196913,0,advanced,1,1.0,0,0,0,0,0
user_000329,1,2025-01-12 01:01:09.196913,2025-01-12 01:01:09.196913,0,advanced,1,1.0,0,0,0,0,0
user_000330,1,2025-01-12 01:01:09.196913,2025-01-12 01:01:09.196913,0,intermediate,1,1.0,0,0,0,0,0
user_000331,1,2025-01-12 01:01:09.196913,2025-01-12 01:01:09.196913,0,basic,1,1.0,0,0,0,0,0
user_000332,1,2025-01-12 01:01:09.196913,2025-01-12 01:01:09.196913,0,advanced,1,1.0,0,0,0,0,0
user_000333,1,2025-01-12 01:01:09.196913,2025-01-12 01:01:09.196913,0,intermediate,1,1.0,0,0,0,0,0
user_000334,1,2025-01-12 01:01:09.196913,2025-01-12 01:01:09.196913,0,intermediate,1,1.0,0,0,0,0,0
user_000335,1,2025-01-12 01:01:09.196913,2025-01-12 01:01:09.196913,0,advanced,1,1.0,0,0,0,0,0
user_000336,1,2025-01-12 01:01:09.196913,2025-01-12 01:01:09.196913,1,advanced,1,1.0,0,0,0,0,0
user_000337,1,2025-01-12 01:01:09.196913,2025-01-12 01:01:09.196913,0,basic,1,1.0,0,0,0,0,0
user_000338,1,2025-01-12 01:01:09.196913,2025-01-12 01:01:09.196913,0,intermediate,1,1.0,0,0,0,0,0
user_000339,1,2025-01-12 01:01:09.196913,2025-01-12 01:01:09.196913,0,intermediate,1,1.0,0,0,0,0,0
user_000340,1,2025-01-12 01:01:09.196913,2025-01-12 01:01:09.196913,0,intermediate,1,1.0,0,0,0,0,0
user_000341,815,2025-01-05 01:01:09.196913,2025-01-05 01:01:09.196913,221,basic,1,815.0,0,0,0,1,0
user_000342,1,2025-01-12 01:01:09.196913,2025-01-12 01:01:09.196913,0,basic,1,1.0,0,0,0,0,0
user_000343,1,2025-01-12 01:01:09.196913,2025-01-12 01:01:09.196913,0,basic,1,1.0,0,0,0,0,0
user_000344,1,2025-01-12 01:01:09.196913,2025-01-12 01:01:09.196913,0,intermediate,1,1.0,0,0,0,0,0
user_000345,816,2024-04-14 01:01:09.196913,2024-04-14 01:01:09.196913,199,intermediate,1,816.0,1,1,1,1,1
user_000346,1,2025-01-12 01:01:09.196913,2025-01-12 01:01:09.196913,0,intermediate,1,1.0,0,0,0,0,0
user_000347,1,2025-01-12 01:01:09.196913,2025-01-12 01:01:09.196913,0,intermediate,1,1.0,0,0,0,0,0
user_000348,815,2024-04-21 01:01:09.196913,2024-04-21 01:01:09.196913,138,intermediate,1,815.0,0,0,0,1,0
user_000349,815,2024-07-21 01:01:09.196913,2024-07-21 01:01:09.196913,98,intermediate,1,815.0,0,0,0,1,0
user_000350,1,2025-01-12 01:01:09.196913,2025-01-12 01:01:09.196913,0,intermediate,1,1.0,0,0,0,0,0
user_000351,1,2025-01-12 01:01:09.196913,2025-01-12 01:01:09.196913,0,intermediate,1,1.0,0,0,0,0,0
user_000352,1,2025-01-12 01:01:09.196913,2025-01-12 01:01:09.196913,0,advanced,1,1.0,0,0,0,0,0
user_000353,815,2025-01-12 01:01:09.196913,2025-01-12 01:01:09.196913,175,advanced,1,815.0,0,0,0,1,0
user_000354,1,2025-01-12 01:01:09.196913,2025-01-12 01:01:09.196913,0,none,1,1.0,0,0,0,0,0
user_000355,1,2025-01-12 01:01:09.196913,2025-01-12 01:01:09.196913,0,intermediate,1,1.0,0,0,0,0,0
user_000356,815,2024-05-19 01:01:09.196913,2024-05-19 01:01:09.196913,149,basic,1,815.0,0,0,0,1,0
user_000357,1,2025-01-12 01:01:09.196913,2025-01-12 01:01:09.196913,0,advanced,1,1.0,0,0,0,0,0
user_000358,1,2025-01-12 01:01:09.196913,2025-01-12 01:01:09.196913,0,intermediate,1,1.0,0,0,0,0,0
user_000359,1,2025-01-12 01:01:09.196913,2025-01-12 01:01:09.196913,0,advanced,1,1.0,0,0,0,0,0
user_000360,1,2025-01-12 01:01:09.196913,2025-01-12 01:01:09.196913,0,basic,1,1.0,0,0,0,0,0
user_000361,1,2025-01-12 01:01:09.196913,2025-01-12 01:01:09.196913,1,intermediate,1,1.0,0,0,0,0,0
user_000362,1,2025-01-12 01:01:09.196913,2025-01-12 01:01:09.196913,1,basic,1,1.0,0,0,0,0,0
user_000363,1,2025-01-12 01:01:09.196913,2025-01-12 01:01:09.196913,0,intermediate,1,1.0,0,0,0,0,0
user_000364,1,2025-01-12 01:01:09.196913,2025-01-12 01:01:09.196913,0,basic,1,1.0,0,0,0,0,0
user_000365,815,2024-07-21 01:01:09.196913,2024-07-21 01:01:09.196913,96,intermediate,1,815.0,0,0,0,1,0
user_000366,1,2025-01-12 01:01:09.196913,2025-01-12 01:01:09.196913,1,advanced,1,1.0,0,0,0,0,0
user_000367,815,2024-11-10 01:01:09.196913,2024-11-10 01:01:09.196913,161,basic,1,815.0,0,0,0,1,0
user_000368,1,2025-01-12 01:01:09.196913,2025-01-12 01:01:09.196913,0,basic,1,1.0,0,0,0,0,0
user_000369,1,2025-01-12 01:01:09.196913,2025-01-12 01:01:09.196913,0,intermediate,1,1.0,0,0,0,0,0
user_000370,1,2025-01-12 01:01:09.196913,2025-01-12 01:01:09.196913,0,basic,1,1.0,0,0,0,0,0
user_000371,1,2025-01-12 01:01:09.196913,2025-01-12 01:01:09.196913,0,intermediate,1,1.0,0,0,0,0,0
user_000372,1,2025-01-12 01:01:09.196913,2025-01-12 01:01:09.196913,1,intermediate,1,1.0,0,0,0,0,0
user_000373,1,2025-01-12 01:01:09.196913,2025-01-12 01:01:09.196913,0,intermediate,1,1.0,0,0,0,0,0
user_000374,815,2024-06-09 01:01:09.196913,2024-06-09 01:01:09.196913,106,basic,1,815.0,0,0,0,1,0
user_000375,1,2025-01-12 01:01:09.196913,2025-01-12 01:01:09.196913,0,intermediate,1,1.0,0,0,0,0,0
user_000376,1,2025-01-12 01:01:09.196913,2025-01-12 01:01:09.196913,0,intermediate,1,1.0,0,0,0,0,0
user_000377,1,2025-01-12 01:01:09.196913,2025-01-12 01:01:09.196913,1,none,1,1.0,0,0,0,0,0
user_000378,1,2025-01-12 01:01:09.196913,2025-01-12 01:01:09.196913,0,intermediate,1,1.0,0,0,0,0,0
user_000379,815,2024-05-05 01:01:09.196913,2024-05-05 01:01:09.196913,236,advanced,1,815.0,0,0,0,1,0
user_000380,1,2025-01-12 01:01:09.196913,2025-01-12 01:01:09.196913,0,advanced,1,1.0,0,0,0,0,0
user_000381,1,2025-01-12 01:01:09.196913,2025-01-12 01:01:09.196913,1,advanced,1,1.0,0,0,0,0,0
user_000382,1,2025-01-12 01:01:09.196913,2025-01-12 01:01:09.196913,1,basic,1,1.0,0,0,0,0,0
user_000383,1,2025-01-12 01:01:09.196913,2025-01-12 01:01:09.196913,0,intermediate,1,1.0,0,0,0,0,0
user_000384,815,2024-09-29 01:01:09.196913,2024-09-29 01:01:09.196913,121,basic,1,815.0,0,0,0,1,0
user_000385,1,2025-01-12 01:01:09.196913,2025-01-12 01:01:09.196913,0,none,1,1.0,0,0,0,0,0
user_000386,815,2024-12-22 01:01:09.196913,2024-12-29 01:01:09.196913,273,none,7,116.42857142857144,0,0,0,1,0
user_000387,1,2025-01-12 01:01:09.196913,2025-01-12 01:01:09.196913,0,intermediate,1,1.0,0,0,0,0,0
user_000388,1,2025-01-12 01:01:09.196913,2025-01-12 01:01:09.196913,0,intermediate,1,1.0,0,0,0,0,0
user_000389,1,2025-01-12 01:01:09.196913,2025-01-12 01:01:09.196913,0,intermediate,1,1.0,0,0,0,0,0
user_000390,1,2025-01-12 01:01:09.196913,2025-01-12 01:01:09.196913,0,intermediate,1,1.0,0,0,0,0,0
user_000391,1,2025-01-12 01:01:09.196913,2025-01-12 01:01:09.196913,0,basic,1,1.0,0,0,0,0,0
user_000392,815,2024-09-15 01:01:09.196913,2024-09-15 01:01:09.196913,176,intermediate,1,815.0,0,0,0,1,0
user_000393,1,2025-01-12 01:01:09.196913,2025-01-12 01:01:09.196913,0,intermediate,1,1.0,0,0,0,0,0
user_000394,1,2025-01-12 01:01:09.196913,2025-01-12 01:01:09.196913,0,basic,1,1.0,0,0,0,0,0
user_000395,1,2025-01-12 01:01:09.196913,2025-01-12 01:01:09.196913,0,intermediate,1,1.0,0,0,0,0,0
user_000396,1,2025-01-12 01:01:09.196913,2025-01-12 01:01:09.196913,0,advanced,1,1.0,0,0,0,0,0
user_000397,1,2025-01-12 01:01:09.196913,2025-01-12 01:01:09.196913,0,basic,1,1.0,0,0,0,0,0
user_000398,1,2025-01-12 01:01:09.196913,2025-01-12 01:01:09.196913,1,advanced,1,1.0,0,0,0,0,0
user_000399,1,2025-01-12 01:01:09.196913,2025-01-12 01:01:09.196913,0,advanced,1,1.0,0,0,0,0,0
user_000400,1,2025-01-12 01:01:09.196913,2025-01-12 01:01:09.196913,0,basic,1,1.0,0,0,0,0,0
user_000401,815,2024-04-21 01:01:09.196913,2024-04-21 01:01:09.196913,156,basic,1,815.0,0,0,0,1,0
user_000402,1,2025-01-12 01:01:09.196913,2025-01-12 01:01:09.196913,0,advanced,1,1.0,0,0,0,0,0
user_000403,1,2025-01-12 01:01:09.196913,2025-01-12 01:01:09.196913,0,basic,1,1.0,0,0,0,0,0
user_000404,1,2025-01-12 01:01:09.196913,2025-01-12 01:01:09.196913,0,advanced,1,1.0,0,0,0,0,0
user_000405,1,2025-01-12 01:01:09.196913,2025-01-12 01:01:09.196913,0,advanced,1,1.0,0,0,0,0,0
user_000406,815,2024-11-17 01:01:09.196913,2024-11-24 01:01:09.196913,191,basic,7,116.42857142857144,0,0,0,1,0
user_000407,1,2025-01-12 01:01:09.196913,2025-01-12 01:01:09.196913,1,basic,1,1.0,0,0,0,0,0
user_000408,1,2025-01-12 01:01:09.196913,2025-01-12 01:01:09.196913,1,none,1,1.0,0,0,0,0,0
user_000409,1,2025-01-12 01:01:09.196913,2025-01-12 01:01:09.196913,0,basic,1,1.0,0,0,0,0,0
user_000410,1,2025-01-12 01:01:09.196913,2025-01-12 01:01:09.196913,0,advanced,1,1.0,0,0,0,0,0
user_000411,1,2025-01-12 01:01:09.196913,2025-01-12 01:01:09.196913,0,basic,1,1.0,0,0,0,0,0
user_000412,815,2024-05-26 01:01:09.196913,2024-05-26 01:01:09.196913,188,none,1,815.0,0,0,0,1,0
user_000413,1,2025-01-12 01:01:09.196913,2025-01-12 01:01:09.196913,0,intermediate,1,1.0,0,0,0,0,0
user_000414,1,2025-01-12 01:01:09.196913,2025-01-12 01:01:09.196913,1,intermediate,1,1.0,0,0,0,0,0
user_000415,1,2025-01-12 01:01:09.196913,2025-01-12 01:01:09.196913,1,advanced,1,1.0,0,0,0,0,0
user_000416,1,2025-01-12 01:01:09.196913,2025-01-12 01:01:09.196913,0,intermediate,1,1.0,0,0,0,0,0
user_000417,1,2025-01-12 01:01:09.196913,2025-01-12 01:01:09.196913,0,intermediate,1,1.0,0,0,0,0,0
user_000418,1,2025-01-12 01:01:09.196913,2025-01-12 01:01:09.196913,0,intermediate,1,1.0,0,0,0,0,0
user_000419,1,2025-01-12 01:01:09.196913,2025-01-12 01:01:09.196913,0,advanced,1,1.0,0,0,0,0,0
user_000420,1,2025-01-12 01:01:09.196913,2025-01-12 01:01:09.196913,0,intermediate,1,1.0,0,0,0,0,0
user_000421,1,2025-01-12 01:01:09.196913,2025-01-12 01:01:09.196913,1,advanced,1,1.0,0,0,0,0,0
user_000422,1,2025-01-12 01:01:09.196913,2025-01-12 01:01:09.196913,0,basic,1,1.0,0,0,0,0,0
user_000423,1,2025-01-12 01:01:09.196913,2025-01-12 01:01:09.196913,1,none,1,1.0,0,0,0,0,0
user_000424,1,2025-01-12 01:01:09.196913,2025-01-12 01:01:09.196913,0,advanced,1,1.0,0,0,0,0,0
user_000425,1,2025-01-12 01:01:09.196913,2025-01-12 01:01:09.196913,0,intermediate,1,1.0,0,0,0,0,0
user_000426,1,2025-01-12 01:01:09.196913,2025-01-12 01:01:09.196913,1,intermediate,1,1.0,0,0,0,0,0
user_000427,1,2025-01-12 01:01:09.196913,2025-01-12 01:01:09.196913,0,basic,1,1.0,0,0,0,0,0
user_000428,1,2025-01-12 01:01:09.196913,2025-01-12 01:01:09.196913,0,none,1,1.0,0,0,0,0,0
user_000429,815,2024-08-04 01:01:09.196913,2024-08-04 01:01:09.196913,117,basic,1,815.0,0,0,0,1,0
user_000430,1,2025-01-12 01:01:09.196913,2025-01-12 01:01:09.196913,0,basic,1,1.0,0,0,0,0,0
user_000431,1,2025-01-12 01:01:09.196913,2025-01-12 01:01:09.196913,0,intermediate,1,1.0,0,0,0,0,0
user_000432,1,2025-01-12 01:01:09.196913,2025-01-12 01:01:09.196913,0,basic,1,1.0,0,0,0,0,0
user_000433,815,2024-11-03 01:01:09.196913,2024-11-03 01:01:09.196913,164,intermediate,1,815.0,0,0,0,1,0
user_000434,1,2025-01-12 01:01:09.196913,2025-01-12 01:01:09.196913,0,intermediate,1,1.0,0,0,0,0,0
user_000435,815,2024-10-20 01:01:09.196913,2024-10-20 01:01:09.196913,157,intermediate,1,815.0,0,0,0,1,0
user_000436,815,2024-12-01 01:01:09.196913,2024-12-01 01:01:09.196913,163,none,1,815.0,0,0,0,1,0
user_000437,1,2025-01-12 01:01:09.196913,2025-01-12 01:01:09.196913,0,intermediate,1,1.0,0,0,0,0,0
user_000438,1,2025-01-12 01:01:09.196913,2025-01-12 01:01:09.196913,0,intermediate,1,1.0,0,0,0,0,0
user_000439,1,2025-01-12 01:01:09.196913,2025-01-12 01:01:09.196913,0,intermediate,1,1.0,0,0,0,0,0
user_000440,1,2025-01-12 01:01:09.196913,2025-01-12 01:01:09.196913,0,advanced,1,1.0,0,0,0,0,0
user_000441,1,2025-01-12 01:01:09.196913,2025-01-12 01:01:09.196913,1,intermediate,1,1.0,0,0,0,0,0
user_000442,1,2025-01-12 01:01:09.196913,2025-01-12 01:01:09.196913,0,advanced,1,1.0,0,0,0,0,0
user_000443,1,2025-01-12 01:01:09.196913,2025-01-12 01:01:09.196913,0,basic,1,1.0,0,0,0,0,0
user_000444,1,2025-01-12 01:01:09.196913,2025-01-12 01:01:09.196913,1,none,1,1.0,0,0,0,0,0
user_000445,1,2025-01-12 01:01:09.196913,2025-01-12 01:01:09.196913,0,basic,1,1.0,0,0,0,0,0
user_000446,815,2024-08-11 01:01:09.196913,2024-08-11 01:01:09.196913,158,none,1,815.0,0,0,0,1,0
user_000447,815,2024-12-08 01:01:09.196913,2024-12-15 01:01:09.196913,233,advanced,7,116.42857142857144,0,0,0,1,0
user_000448,1,2025-01-12 01:01:09.196913,2025-01-12 01:01:09.196913,0,basic,1,1.0,0,0,0,0,0
user_000449,1,2025-01-12 01:01:09.196913,2025-01-12 01:01:09.196913,0,basic,1,1.0,0,0,0,0,0
user_000450,1,2025-01-12 01:01:09.196913,2025-01-12 01:01:09.196913,0,intermediate,1,1.0,0,0,0,0,0
user_000451,815,2024-04-28 01:01:09.196913,2024-05-05 01:01:09.196913,250,intermediate,7,116.42857142857144,0,0,0,1,0
user_000452,1,2025-01-12 01:01:09.196913,2025-01-12 01:01:09.196913,0,intermediate,1,1.0,0,0,0,0,0
user_000453,1,2025-01-12 01:01:09.196913,2025-01-12 01:01:09.196913,0,basic,1,1.0,0,0,0,0,0
user_000454,1,2025-01-12 01:01:09.196913,2025-01-12 01:01:09.196913,0,intermediate,1,1.0,0,0,0,0,0
user_000455,1,2025-01-12 01:01:09.196913,2025-01-12 01:01:09.196913,0,advanced,1,1.0,0,0,0,0,0
user_000456,1,2025-01-12 01:01:09.196913,2025-01-12 01:01:09.196913,0,advanced,1,1.0,0,0,0,0,0
user_000457,1,2025-01-12 01:01:09.196913,2025-01-12 01:01:09.196913,1,none,1,1.0,0,0,0,0,0
user_000458,815,2024-06-16 01:01:09.196913,2024-06-16 01:01:09.196913,105,basic,1,815.0,0,0,0,1,0
user_000459,1,2025-01-12 01:01:09.196913,2025-01-12 01:01:09.196913,0,advanced,1,1.0,0,0,0,0,0
user_000460,1,2025-01-12 01:01:09.196913,2025-01-12 01:01:09.196913,1,intermediate,1,1.0,0,0,0,0,0
user_000461,1,2025-01-12 01:01:09.196913,2025-01-12 01:01:09.196913,0,intermediate,1,1.0,0,0,0,0,0
user_000462,815,2024-08-18 01:01:09.196913,2024-08-18 01:01:09.196913,133,basic,1,815.0,0,0,0,1,0
user_000463,1,2025-01-12 01:01:09.196913,2025-01-12 01:01:09.196913,0,advanced,1,1.0,0,0,0,0,0
user_000464,1,2025-01-12 01:01:09.196913,2025-01-12 01:01:09.196913,0,intermediate,1,1.0,0,0,0,0,0
user_000465,1,2025-01-12 01:01:09.196913,2025-01-12 01:01:09.196913,0,basic,1,1.0,0,0,0,0,0
user_000466,1,2025-01-12 01:01:09.196913,2025-01-12 01:01:09.196913,0,advanced,1,1.0,0,0,0,0,0
user_000467,1,2025-01-12 01:01:09.196913,2025-01-12 01:01:09.196913,0,intermediate,1,1.0,0,0,0,0,0
user_000468,815,2024-11-10 01:01:09.196913,2024-11-10 01:01:09.196913,160,none,1,815.0,0,0,0,1,0
user_000469,1,2025-01-12 01:01:09.196913,2025-01-12 01:01:09.196913,0,advanced,1,1.0,0,0,0,0,0
user_000470,1,2025-01-12 01:01:09.196913,2025-01-12 01:01:09.196913,0,advanced,1,1.0,0,0,0,0,0
user_000471,1,2025-01-12 01:01:09.196913,2025-01-12 01:01:09.196913,1,intermediate,1,1.0,0,0,0,0,0
user_000472,815,2024-05-19 01:01:09.196913,2024-05-19 01:01:09.196913,169,intermediate,1,815.0,0,0,0,1,0
user_000473,1,2025-01-12 01:01:09.196913,2025-01-12 01:01:09.196913,0,advanced,1,1.0,0,0,0,0,0
user_000474,1,2025-01-12 01:01:09.196913,2025-01-12 01:01:09.196913,0,advanced,1,1.0,0,0,0,0,0
user_000475,815,2024-11-24 01:01:09.196913,2024-11-24 01:01:09.196913,148,intermediate,1,815.0,0,0,0,1,0
user_000476,1,2025-01-12 01:01:09.196913,2025-01-12 01:01:09.196913,0,basic,1,1.0,0,0,0,0,0
user_000477,1,2025-01-12 01:01:09.196913,2025-01-12 01:01:09.196913,0,intermediate,1,1.0,0,0,0,0,0
user_000478,815,2025-01-05 01:01:09.196913,2025-01-05 01:01:09.196913,177,none,1,815.0,0,0,0,1,0
user_000479,1,2025-01-12 01:01:09.196913,2025-01-12 01:01:09.196913,0,basic,1,1.0,0,0,0,0,0
user_000480,1,2025-01-12 01:01:09.196913,2025-01-12 01:01:09.196913,0,advanced,1,1.0,0,0,0,0,0
user_000481,815,2024-11-03 01:01:09.196913,2024-11-10 01:01:09.196913,190,advanced,7,116.42857142857144,0,0,0,1,0
user_000482,1,2025-01-12 01:01:09.196913,2025-01-12 01:01:09.196913,0,intermediate,1,1.0,0,0,0,0,0
user_000483,1,2025-01-12 01:01:09.196913,2025-01-12 01:01:09.196913,1,intermediate,1,1.0,0,0,0,0,0
user_000484,1,2025-01-12 01:01:09.196913,2025-01-12 01:01:09.196913,0,basic,1,1.0,0,0,0,0,0
user_000485,1,2025-01-12 01:01:09.196913,2025-01-12 01:01:09.196913,1,intermediate,1,1.0,0,0,0,0,0
user_000486,815,2024-12-29 01:01:09.196913,2024-12-29 01:01:09.196913,340,advanced,1,815.0,0,0,0,1,0
user_000487,1,2025-01-12 01:01:09.196913,2025-01-12 01:01:09.196913,1,basic,1,1.0,0,0,0,0,0
user_000488,1,2025-01-12 01:01:09.196913,2025-01-12 01:01:09.196913,0,none,1,1.0,0,0,0,0,0
user_000489,1,2025-01-12 01:01:09.196913,2025-01-12 01:01:09.196913,0,intermediate,1,1.0,0,0,0,0,0
user_000490,815,2024-06-30 01:01:09.196913,2024-07-07 01:01:09.196913,140,intermediate,7,116.42857142857144,0,0,0,1,0
user_000491,1,2025-01-12 01:01:09.196913,2025-01-12 01:01:09.196913,0,basic,1,1.0,0,0,0,0,0
user_000492,815,2024-05-19 01:01:09.196913,2024-05-19 01:01:09.196913,140,intermediate,1,815.0,0,0,0,1,0
user_000493,815,2024-05-12 01:01:09.196913,2024-05-12 01:01:09.196913,78,advanced,1,815.0,0,0,0,1,0
user_000494,1,2025-01-12 01:01:09.196913,2025-01-12 01:01:09.196913,1,none,1,1.0,0,0,0,0,0
user_000495,1,2025-01-12 01:01:09.196913,2025-01-12 01:01:09.196913,0,advanced,1,1.0,0,0,0,0,0
user_000496,1,2025-01-12 01:01:09.196913,2025-01-12 01:01:09.196913,0,advanced,1,1.0,0,0,0,0,0
user_000497,1,2025-01-12 01:01:09.196913,2025-01-12 01:01:09.196913,1,basic,1,1.0,0,0,0,0,0
user_000498,1,2025-01-12 01:01:09.196913,2025-01-12 01:01:09.196913,0,intermediate,1,1.0,0,0,0,0,0
user_000499,1,2025-01-12 01:01:09.196913,2025-01-12 01:01:09.196913,0,intermediate,1,1.0,0,0,0,0,0
user_000500,1,2025-01-12 01:01:09.196913,2025-01-12 01:01:09.196913,0,intermediate,1,1.0,0,0,0,0,0
user_000501,1,2025-01-12 01:01:09.196913,2025-01-12 01:01:09.196913,0,advanced,1,1.0,0,0,0,0,0
user_000502,815,2024-07-28 01:01:09.196913,2024-07-28 01:01:09.196913,172,intermediate,1,815.0,0,0,0,1,0
user_000503,1,2025-01-12 01:01:09.196913,2025-01-12 01:01:09.196913,0,basic,1,1.0,0,0,0,0,0
user_000504,1,2025-01-12 01:01:09.196913,2025-01-12 01:01:09.196913,0,intermediate,1,1.0,0,0,0,0,0
user_000505,1,2025-01-12 01:01:09.196913,2025-01-12 01:01:09.196913,0,basic,1,1.0,0,0,0,0,0
user_000506,1,2025-01-12 01:01:09.196913,2025-01-12 01:01:09.196913,0,intermediate,1,1.0,0,0,0,0,0
user_000507,1,2025-01-12 01:01:09.196913,2025-01-12 01:01:09.196913,0,basic,1,1.0,0,0,0,0,0
user_000508,815,2024-05-05 01:01:09.196913,2024-05-05 01:01:09.196913,214,intermediate,1,815.0,0,0,0,1,0
user_000509,1,2025-01-12 01:01:09.196913,2025-01-12 01:01:09.196913,0,advanced,1,1.0,0,0,0,0,0
user_000510,1,2025-01-12 01:01:09.196913,2025-01-12 01:01:09.196913,0,intermediate,1,1.0,0,0,0,0,0
user_000511,1,2025-01-12 01:01:09.196913,2025-01-12 01:01:09.196913,0,basic,1,1.0,0,0,0,0,0
user_000512,1,2025-01-12 01:01:09.196913,2025-01-12 01:01:09.196913,0,advanced,1,1.0,0,0,0,0,0
user_000513,1,2025-01-12 01:01:09.196913,2025-01-12 01:01:09.196913,0,intermediate,1,1.0,0,0,0,0,0
user_000514,1,2025-01-12 01:01:09.196913,2025-01-12 01:01:09.196913,0,advanced,1,1.0,0,0,0,0,0
user_000515,1,2025-01-12 01:01:09.196913,2025-01-12 01:01:09.196913,0,intermediate,1,1.0,0,0,0,0,0
user_000516,1,2025-01-12 01:01:09.196913,2025-01-12 01:01:09.196913,0,advanced,1,1.0,0,0,0,0,0
user_000517,1,2025-01-12 01:01:09.196913,2025-01-12 01:01:09.196913,0,intermediate,1,1.0,0,0,0,0,0
user_000518,1,2025-01-12 01:01:09.196913,2025-01-12 01:01:09.196913,0,basic,1,1.0,0,0,0,0,0
user_000519,1,2025-01-12 01:01:09.196913,2025-01-12 01:01:09.196913,1,intermediate,1,1.0,0,0,0,0,0
user_000520,1,2025-01-12 01:01:09.196913,2025-01-12 01:01:09.196913,0,basic,1,1.0,0,0,0,0,0
user_000521,1,2025-01-12 01:01:09.196913,2025-01-12 01:01:09.196913,0,intermediate,1,1.0,0,0,0,0,0
user_000522,1,2025-01-12 01:01:09.196913,2025-01-12 01:01:09.196913,1,basic,1,1.0,0,0,0,0,0
user_000523,1,2025-01-12 01:01:09.196913,2025-01-12 01:01:09.196913,0,advanced,1,1.0,0,0,0,0,0
user_000524,1,2025-01-12 01:01:09.196913,2025-01-12 01:01:09.196913,0,advanced,1,1.0,0,0,0,0,0
user_000525,1,2025-01-12 01:01:09.196913,2025-01-12 01:01:09.196913,1,intermediate,1,1.0,0,0,0,0,0
user_000526,1,2025-01-12 01:01:09.196913,2025-01-12 01:01:09.196913,1,advanced,1,1.0,0,0,0,0,0
user_000527,1,2025-01-12 01:01:09.196913,2025-01-12 01:01:09.196913,0,advanced,1,1.0,0,0,0,0,0
user_000528,1,2025-01-12 01:01:09.196913,2025-01-12 01:01:09.196913,0,advanced,1,1.0,0,0,0,0,0
user_000529,1,2025-01-12 01:01:09.196913,2025-01-12 01:01:09.196913,1,intermediate,1,1.0,0,0,0,0,0
user_000530,1,2025-01-12 01:01:09.196913,2025-01-12 01:01:09.196913,0,advanced,1,1.0,0,0,0,0,0
user_000531,1,2025-01-12 01:01:09.196913,2025-01-12 01:01:09.196913,0,intermediate,1,1.0,0,0,0,0,0
user_000532,1,2025-01-12 01:01:09.196913,2025-01-12 01:01:09.196913,0,basic,1,1.0,0,0,0,0,0
user_000533,1,2025-01-12 01:01:09.196913,2025-01-12 01:01:09.196913,0,advanced,1,1.0,0,0,0,0,0
user_000534,1,2025-01-12 01:01:09.196913,2025-01-12 01:01:09.196913,0,intermediate,1,1.0,0,0,0,0,0
user_000535,1,2025-01-12 01:01:09.196913,2025-01-12 01:01:09.196913,1,intermediate,1,1.0,0,0,0,0,0
user_000536,1,2025-01-12 01:01:09.196913,2025-01-12 01:01:09.196913,0,intermediate,1,1.0,0,0,0,0,0
user_000537,1,2025-01-12 01:01:09.196913,2025-01-12 01:01:09.196913,1,intermediate,1,1.0,0,0,0,0,0
user_000538,815,2024-08-11 01:01:09.196913,2024-08-11 01:01:09.196913,142,intermediate,1,815.0,0,0,0,1,0
user_000539,1,2025-01-12 01:01:09.196913,2025-01-12 01:01:09.196913,0,intermediate,1,1.0,0,0,0,0,0
user_000540,1,2025-01-12 01:01:09.196913,2025-01-12 01:01:09.196913,0,advanced,1,1.0,0,0,0,0,0
user_000541,815,2024-06-23 01:01:09.196913,2024-06-23 01:01:09.196913,179,basic,1,815.0,0,0,0,1,0
user_000542,1,2025-01-12 01:01:09.196913,2025-01-12 01:01:09.196913,0,advanced,1,1.0,0,0,0,0,0
user_000543,1,2025-01-12 01:01:09.196913,2025-01-12 01:01:09.196913,0,advanced,1,1.0,0,0,0,0,0
user_000544,815,2024-09-01 01:01:09.196913,2024-09-01 01:01:09.196913,210,intermediate,1,815.0,0,0,0,1,0
user_000545,1,2025-01-12 01:01:09.196913,2025-01-12 01:01:09.196913,0,intermediate,1,1.0,0,0,0,0,0
user_000546,816,2024-04-14 01:01:09.196913,2024-04-14 01:01:09.196913,178,intermediate,1,816.0,1,1,1,1,1
user_000547,1,2025-01-12 01:01:09.196913,2025-01-12 01:01:09.196913,0,advanced,1,1.0,0,0,0,0,0
user_000548,1,2025-01-12 01:01:09.196913,2025-01-12 01:01:09.196913,0,intermediate,1,1.0,0,0,0,0,0
user_000549,1,2025-01-12 01:01:09.196913,2025-01-12 01:01:09.196913,0,advanced,1,1.0,0,0,0,0,0
user_000550,1,2025-01-12 01:01:09.196913,2025-01-12 01:01:09.196913,0,intermediate,1,1.0,0,0,0,0,0
user_000551,1,2025-01-12 01:01:09.196913,2025-01-12 01:01:09.196913,0,intermediate,1,1.0,0,0,0,0,0
user_000552,815,2024-08-25 01:01:09.196913,2024-08-25 01:01:09.196913,116,advanced,1,815.0,0,0,0,1,0
user_000553,1,2025-01-12 01:01:09.196913,2025-01-12 01:01:09.196913,0,intermediate,1,1.0,0,0,0,0,0
user_000554,1,2025-01-12 01:01:09.196913,2025-01-12 01:01:09.196913,0,advanced,1,1.0,0,0,0,0,0
user_000555,815,2024-05-12 01:01:09.196913,2024-05-12 01:01:09.196913,79,basic,1,815.0,0,0,0,1,0
user_000556,1,2025-01-12 01:01:09.196913,2025-01-12 01:01:09.196913,0,intermediate,1,1.0,0,0,0,0,0
user_000557,1,2025-01-12 01:01:09.196913,2025-01-12 01:01:09.196913,0,intermediate,1,1.0,0,0,0,0,0
user_000558,815,2024-10-20 01:01:09.196913,2024-10-27 01:01:09.196913,158,basic,7,116.42857142857144,0,0,0,1,0
user_000559,1,2025-01-12 01:01:09.196913,2025-01-12 01:01:09.196913,1,intermediate,1,1.0,0,0,0,0,0
user_000560,1,2025-01-12 01:01:09.196913,2025-01-12 01:01:09.196913,0,advanced,1,1.0,0,0,0,0,0
user_000561,1,2025-01-12 01:01:09.196913,2025-01-12 01:01:09.196913,0,advanced,1,1.0,0,0,0,0,0
user_000562,1,2025-01-12 01:01:09.196913,2025-01-12 01:01:09.196913,0,intermediate,1,1.0,0,0,0,0,0
user_000563,1,2025-01-12 01:01:09.196913,2025-01-12 01:01:09.196913,0,basic,1,1.0,0,0,0,0,0
user_000564,1,2025-01-12 01:01:09.196913,2025-01-12 01:01:09.196913,0,advanced,1,1.0,0,0,0,0,0
user_000565,1,2025-01-12 01:01:09.196913,2025-01-12 01:01:09.196913,0,none,1,1.0,0,0,0,0,0
user_000566,1,2025-01-12 01:01:09.196913,2025-01-12 01:01:09.196913,0,intermediate,1,1.0,0,0,0,0,0
user_000567,1,2025-01-12 01:01:09.196913,2025-01-12 01:01:09.196913,0,advanced,1,1.0,0,0,0,0,0
user_000568,1,2025-01-12 01:01:09.196913,2025-01-12 01:01:09.196913,0,basic,1,1.0,0,0,0,0,0
user_000569,815,2024-06-02 01:01:09.196913,2024-06-02 01:01:09.196913,70,intermediate,1,815.0,0,0,0,1,0
user_000570,1,2025-01-12 01:01:09.196913,2025-01-12 01:01:09.196913,0,basic,1,1.0,0,0,0,0,0
user_000571,1,2025-01-12 01:01:09.196913,2025-01-12 01:01:09.196913,0,intermediate,1,1.0,0,0,0,0,0
user_000572,1,2025-01-12 01:01:09.196913,2025-01-12 01:01:09.196913,1,intermediate,1,1.0,0,0,0,0,0
user_000573,1,2025-01-12 01:01:09.196913,2025-01-12 01:01:09.196913,0,basic,1,1.0,0,0,0,0,0
user_000574,1,2025-01-12 01:01:09.196913,2025-01-12 01:01:09.196913,1,intermediate,1,1.0,0,0,0,0,0
user_000575,1,2025-01-12 01:01:09.196913,2025-01-12 01:01:09.196913,0,intermediate,1,1.0,0,0,0,0,0
user_000576,815,2024-12-15 01:01:09.196913,2024-12-15 01:01:09.196913,121,intermediate,1,815.0,0,0,0,1,0
user_000577,1,2025-01-12 01:01:09.196913,2025-01-12 01:01:09.196913,0,basic,1,1.0,0,0,0,0,0
user_000578,815,2024-05-12 01:01:09.196913,2024-05-12 01:01:09.196913,111,basic,1,815.0,0,0,0,1,0
user_000579,1,2025-01-12 01:01:09.196913,2025-01-12 01:01:09.196913,0,advanced,1,1.0,0,0,0,0,0
user_000580,1,2025-01-12 01:01:09.196913,2025-01-12 01:01:09.196913,0,intermediate,1,1.0,0,0,0,0,0
user_000581,1,2025-01-12 01:01:09.196913,2025-01-12 01:01:09.196913,0,advanced,1,1.0,0,0,0,0,0
user_000582,1,2025-01-12 01:01:09.196913,2025-01-12 01:01:09.196913,0,advanced,1,1.0,0,0,0,0,0
user_000583,815,2024-09-29 01:01:09.196913,2024-09-29 01:01:09.196913,154,advanced,1,815.0,0,0,0,1,0
user_000584,815,2024-07-21 01:01:09.196913,2024-07-28 01:01:09.196913,207,advanced,7,116.42857142857144,0,0,0,1,0
user_000585,1,2025-01-12 01:01:09.196913,2025-01-12 01:01:09.196913,1,intermediate,1,1.0,0,0,0,0,0
user_000586,1,2025-01-12 01:01:09.196913,2025-01-12 01:01:09.196913,0,advanced,1,1.0,0,0,0,0,0
user_000587,1,2025-01-12 01:01:09.196913,2025-01-12 01:01:09.196913,0,intermediate,1,1.0,0,0,0,0,0
user_000588,1,2025-01-12 01:01:09.196913,2025-01-12 01:01:09.196913,0,intermediate,1,1.0,0,0,0,0,0
user_000589,1,2025-01-12 01:01:09.196913,2025-01-12 01:01:09.196913,0,advanced,1,1.0,0,0,0,0,0
user_000590,815,2024-11-17 01:01:09.196913,2024-11-17 01:01:09.196913,92,intermediate,1,815.0,0,0,0,1,0
user_000591,1,2025-01-12 01:01:09.196913,2025-01-12 01:01:09.196913,0,intermediate,1,1.0,0,0,0,0,0
user_000592,1,2025-01-12 01:01:09.196913,2025-01-12 01:01:09.196913,0,basic,1,1.0,0,0,0,0,0
user_000593,1,2025-01-12 01:01:09.196913,2025-01-12 01:01:09.196913,0,intermediate,1,1.0,0,0,0,0,0
user_000594,1,2025-01-12 01:01:09.196913,2025-01-12 01:01:09.196913,0,intermediate,1,1.0,0,0,0,0,0
user_000595,815,2024-06-30 01:01:09.196913,2024-06-30 01:01:09.196913,85,advanced,1,815.0,0,0,0,1,0
user_000596,1,2025-01-12 01:01:09.196913,2025-01-12 01:01:09.196913,0,advanced,1,1.0,0,0,0,0,0
user_000597,1,2025-01-12 01:01:09.196913,2025-01-12 01:01:09.196913,0,basic,1,1.0,0,0,0,0,0
user_000598,1,2025-01-12 01:01:09.196913,2025-01-12 01:01:09.196913,0,none,1,1.0,0,0,0,0,0
user_000599,1,2025-01-12 01:01:09.196913,2025-01-12 01:01:09.196913,0,intermediate,1,1.0,0,0,0,0,0
user_000600,1,2025-01-12 01:01:09.196913,2025-01-12 01:01:09.196913,0,intermediate,1,1.0,0,0,0,0,0
user_000601,815,2024-12-08 01:01:09.196913,2024-12-08 01:01:09.196913,219,intermediate,1,815.0,0,0,0,1,0
user_000602,1,2025-01-12 01:01:09.196913,2025-01-12 01:01:09.196913,0,intermediate,1,1.0,0,0,0,0,0
user_000603,815,2024-11-17 01:01:09.196913,2024-11-17 01:01:09.196913,87,intermediate,1,815.0,0,0,0,1,0
user_000604,1,2025-01-12 01:01:09.196913,2025-01-12 01:01:09.196913,0,basic,1,1.0,0,0,0,0,0
user_000605,1,2025-01-12 01:01:09.196913,2025-01-12 01:01:09.196913,0,basic,1,1.0,0,0,0,0,0
user_000606,1,2025-01-12 01:01:09.196913,2025-01-12 01:01:09.196913,1,advanced,1,1.0,0,0,0,0,0
user_000607,1,2025-01-12 01:01:09.196913,2025-01-12 01:01:09.196913,0,advanced,1,1.0,0,0,0,0,0
user_000608,1,2025-01-12 01:01:09.196913,2025-01-12 01:01:09.196913,0,advanced,1,1.0,0,0,0,0,0
user_000609,1,2025-01-12 01:01:09.196913,2025-01-12 01:01:09.196913,0,advanced,1,1.0,0,0,0,0,0
user_000610,815,2024-04-14 01:01:09.196913,2024-04-21 01:01:09.196913,155,advanced,7,116.42857142857144,0,0,0,1,0
user_000611,815,2024-07-28 01:01:09.196913,2024-07-28 01:01:09.196913,149,basic,1,815.0,0,0,0,1,0
user_000612,1,2025-01-12 01:01:09.196913,2025-01-12 01:01:09.196913,0,intermediate,1,1.0,0,0,0,0,0
user_000613,815,2024-12-08 01:01:09.196913,2024-12-08 01:01:09.196913,251,advanced,1,815.0,0,0,0,1,0
user_000614,1,2025-01-12 01:01:09.196913,2025-01-12 01:01:09.196913,0,advanced,1,1.0,0,0,0,0,0
user_000615,1,2025-01-12 01:01:09.196913,2025-01-12 01:01:09.196913,0,basic,1,1.0,0,0,0,0,0
user_000616,1,2025-01-12 01:01:09.196913,2025-01-12 01:01:09.196913,0,basic,1,1.0,0,0,0,0,0
user_000617,815,2024-12-08 01:01:09.196913,2024-12-08 01:01:09.196913,221,intermediate,1,815.0,0,0,0,1,0
user_000618,1,2025-01-12 01:01:09.196913,2025-01-12 01:01:09.196913,1,intermediate,1,1.0,0,0,0,0,0
user_000619,1,2025-01-12 01:01:09.196913,2025-01-12 01:01:09.196913,0,basic,1,1.0,0,0,0,0,0
user_000620,1,2025-01-12 01:01:09.196913,2025-01-12 01:01:09.196913,0,advanced,1,1.0,0,0,0,0,0
user_000621,1,2025-01-12 01:01:09.196913,2025-01-12 01:01:09.196913,1,basic,1,1.0,0,0,0,0,0
user_000622,1,2025-01-12 01:01:09.196913,2025-01-12 01:01:09.196913,0,advanced,1,1.0,0,0,0,0,0
user_000623,1,2025-01-12 01:01:09.196913,2025-01-12 01:01:09.196913,0,advanced,1,1.0,0,0,0,0,0
user_000624,815,2024-09-22 01:01:09.196913,2024-09-22 01:01:09.196913,168,intermediate,1,815.0,0,0,0,1,0
user_000625,1,2025-01-12 01:01:09.196913,2025-01-12 01:01:09.196913,0,intermediate,1,1.0,0,0,0,0,0
user_000626,1,2025-01-12 01:01:09.196913,2025-01-12 01:01:09.196913,0,intermediate,1,1.0,0,0,0,0,0
user_000627,1,2025-01-12 01:01:09.196913,2025-01-12 01:01:09.196913,0,none,1,1.0,0,0,0,0,0
user_000628,815,2024-06-09 01:01:09.196913,2024-06-09 01:01:09.196913,99,intermediate,1,815.0,0,0,0,1,0
user_000629,1,2025-01-12 01:01:09.196913,2025-01-12 01:01:09.196913,1,advanced,1,1.0,0,0,0,0,0
user_000630,1,2025-01-12 01:01:09.196913,2025-01-12 01:01:09.196913,0,advanced,1,1.0,0,0,0,0,0
user_000631,815,2024-12-15 01:01:09.196913,2024-12-15 01:01:09.196913,103,intermediate,1,815.0,0,0,0,1,0
user_000632,1,2025-01-12 01:01:09.196913,2025-01-12 01:01:09.196913,0,basic,1,1.0,0,0,0,0,0
user_000633,1,2025-01-12 01:01:09.196913,2025-01-12 01:01:09.196913,0,basic,1,1.0,0,0,0,0,0
user_000634,1,2025-01-12 01:01:09.196913,2025-01-12 01:01:09.196913,0,intermediate,1,1.0,0,0,0,0,0
user_000635,1,2025-01-12 01:01:09.196913,2025-01-12 01:01:09.196913,0,advanced,1,1.0,0,0,0,0,0
user_000636,1,2025-01-12 01:01:09.196913,2025-01-12 01:01:09.196913,0,advanced,1,1.0,0,0,0,0,0
user_000637,815,2024-09-08 01:01:09.196913,2024-09-08 01:01:09.196913,217,intermediate,1,815.0,0,0,0,1,0
user_000638,1,2025-01-12 01:01:09.196913,2025-01-12 01:01:09.196913,0,intermediate,1,1.0,0,0,0,0,0
user_000639,1,2025-01-12 01:01:09.196913,2025-01-12 01:01:09.196913,0,basic,1,1.0,0,0,0,0,0
user_000640,1,2025-01-12 01:01:09.196913,2025-01-12 01:01:09.196913,1,basic,1,1.0,0,0,0,0,0
user_000641,1,2025-01-12 01:01:09.196913,2025-01-12 01:01:09.196913,0,intermediate,1,1.0,0,0,0,0,0
user_000642,1,2025-01-12 01:01:09.196913,2025-01-12 01:01:09.196913,0,intermediate,1,1.0,0,0,0,0,0
user_000643,1,2025-01-12 01:01:09.196913,2025-01-12 01:01:09.196913,0,basic,1,1.0,0,0,0,0,0
user_000644,1,2025-01-12 01:01:09.196913,2025-01-12 01:01:09.196913,0,intermediate,1,1.0,0,0,0,0,0
user_000645,1,2025-01-12 01:01:09.196913,2025-01-12 01:01:09.196913,0,intermediate,1,1.0,0,0,0,0,0
user_000646,815,2024-06-23 01:01:09.196913,2024-06-30 01:01:09.196913,115,basic,7,116.42857142857144,0,0,0,1,0
user_000647,1,2025-01-12 01:01:09.196913,2025-01-12 01:01:09.196913,0,advanced,1,1.0,0,0,0,0,0
user_000648,815,2024-09-22 01:01:09.196913,2024-09-29 01:01:09.196913,164,advanced,7,116.42857142857144,0,0,0,1,0
user_000649,1,2025-01-12 01:01:09.196913,2025-01-12 01:01:09.196913,0,intermediate,1,1.0,0,0,0,0,0
user_000650,1,2025-01-12 01:01:09.196913,2025-01-12 01:01:09.196913,0,basic,1,1.0,0,0,0,0,0
user_000651,1,2025-01-12 01:01:09.196913,2025-01-12 01:01:09.196913,0,advanced,1,1.0,0,0,0,0,0
user_000652,815,2024-04-28 01:01:09.196913,2024-04-28 01:01:09.196913,198,basic,1,815.0,0,0,0,1,0
user_000653,1,2025-01-12 01:01:09.196913,2025-01-12 01:01:09.196913,0,advanced,1,1.0,0,0,0,0,0
user_000654,1,2025-01-12 01:01:09.196913,2025-01-12 01:01:09.196913,0,advanced,1,1.0,0,0,0,0,0
user_000655,815,2024-06-30 01:01:09.196913,2024-06-30 01:01:09.196913,75,basic,1,815.0,0,0,0,1,0
user_000656,1,2025-01-12 01:01:09.196913,2025-01-12 01:01:09.196913,1,intermediate,1,1.0,0,0,0,0,0
user_000657,1,2025-01-12 01:01:09.196913,2025-01-12 01:01:09.196913,0,intermediate,1,1.0,0,0,0,0,0
user_000658,1,2025-01-12 01:01:09.196913,2025-01-12 01:01:09.196913,1,basic,1,1.0,0,0,0,0,0
user_000659,815,2024-12-15 01:01:09.196913,2024-12-15 01:01:09.196913,102,none,1,815.0,0,0,0,1,0
user_000660,1,2025-01-12 01:01:09.196913,2025-01-12 01:01:09.196913,0,basic,1,1.0,0,0,0,0,0
user_000661,1,2025-01-12 01:01:09.196913,2025-01-12 01:01:09.196913,0,intermediate,1,1.0,0,0,0,0,0
user_000662,1,2025-01-12 01:01:09.196913,2025-01-12 01:01:09.196913,1,advanced,1,1.0,0,0,0,0,0
user_000663,1,2025-01-12 01:01:09.196913,2025-01-12 01:01:09.196913,0,advanced,1,1.0,0,0,0,0,0
user_000664,1,2025-01-12 01:01:09.196913,2025-01-12 01:01:09.196913,0,advanced,1,1.0,0,0,0,0,0
user_000665,1,2025-01-12 01:01:09.196913,2025-01-12 01:01:09.196913,1,basic,1,1.0,0,0,0,0,0
user_000666,1,2025-01-12 01:01:09.196913,2025-01-12 01:01:09.196913,0,intermediate,1,1.0,0,0,0,0,0
user_000667,1,2025-01-12 01:01:09.196913,2025-01-12 01:01:09.196913,0,basic,1,1.0,0,0,0,0,0
user_000668,1,2025-01-12 01:01:09.196913,2025-01-12 01:01:09.196913,0,basic,1,1.0,0,0,0,0,0
user_000669,1,2025-01-12 01:01:09.196913,2025-01-12 01:01:09.196913,1,basic,1,1.0,0,0,0,0,0
user_000670,1,2025-01-12 01:01:09.196913,2025-01-12 01:01:09.196913,0,intermediate,1,1.0,0,0,0,0,0
user_000671,1,2025-01-12 01:01:09.196913,2025-01-12 01:01:09.196913,0,advanced,1,1.0,0,0,0,0,0
user_000672,1,2025-01-12 01:01:09.196913,2025-01-12 01:01:09.196913,0,intermediate,1,1.0,0,0,0,0,0
user_000673,1,2025-01-12 01:01:09.196913,2025-01-12 01:01:09.196913,0,advanced,1,1.0,0,0,0,0,0
user_000674,1,2025-01-12 01:01:09.196913,2025-01-12 01:01:09.196913,0,intermediate,1,1.0,0,0,0,0,0
user_000675,1,2025-01-12 01:01:09.196913,2025-01-12 01:01:09.196913,0,intermediate,1,1.0,0,0,0,0,0
user_000676,1,2025-01-12 01:01:09.196913,2025-01-12 01:01:09.196913,0,advanced,1,1.0,0,0,0,0,0
user_000677,1,2025-01-12 01:01:09.196913,2025-01-12 01:01:09.196913,1,basic,1,1.0,0,0,0,0,0
user_000678,815,2024-08-11 01:01:09.196913,2024-08-18 01:01:09.196913,149,intermediate,7,116.42857142857144,0,0,0,1,0
user_000679,1,2025-01-12 01:01:09.196913,2025-01-12 01:01:09.196913,0,intermediate,1,1.0,0,0,0,0,0
user_000680,1,2025-01-12 01:01:09.196913,2025-01-12 01:01:09.196913,0,advanced,1,1.0,0,0,0,0,0
user_000681,1,2025-01-12 01:01:09.196913,2025-01-12 01:01:09.196913,0,none,1,1.0,0,0,0,0,0
user_000682,1,2025-01-12 01:01:09.196913,2025-01-12 01:01:09.196913,0,basic,1,1.0,0,0,0,0,0
user_000683,1,2025-01-12 01:01:09.196913,2025-01-12 01:01:09.196913,1,basic,1,1.0,0,0,0,0,0
user_000684,1,2025-01-12 01:01:09.196913,2025-01-12 01:01:09.196913,1,intermediate,1,1.0,0,0,0,0,0
user_000685,1,2025-01-12 01:01:09.196913,2025-01-12 01:01:09.196913,0,basic,1,1.0,0,0,0,0,0
user_000686,1,2025-01-12 01:01:09.196913,2025-01-12 01:01:09.196913,0,advanced,1,1.0,0,0,0,0,0
user_000687,1,2025-01-12 01:01:09.196913,2025-01-12 01:01:09.196913,0,none,1,1.0,0,0,0,0,0
user_000688,815,2024-11-17 01:01:09.196913,2024-11-17 01:01:09.196913,127,intermediate,1,815.0,0,0,0,1,0
user_000689,1,2025-01-12 01:01:09.196913,2025-01-12 01:01:09.196913,0,intermediate,1,1.0,0,0,0,0,0
user_000690,1,2025-01-12 01:01:09.196913,2025-01-12 01:01:09.196913,0,intermediate,1,1.0,0,0,0,0,0
user_000691,1,2025-01-12 01:01:09.196913,2025-01-12 01:01:09.196913,1,basic,1,1.0,0,0,0,0,0
user_000692,1,2025-01-12 01:01:09.196913,2025-01-12 01:01:09.196913,0,intermediate,1,1.0,0,0,0,0,0
user_000693,815,2024-11-10 01:01:09.196913,2024-11-17 01:01:09.196913,123,basic,7,116.42857142857144,0,0,0,1,0
user_000694,1,2025-01-12 01:01:09.196913,2025-01-12 01:01:09.196913,0,intermediate,1,1.0,0,0,0,0,0
user_000695,1,2025-01-12 01:01:09.196913,2025-01-12 01:01:09.196913,0,advanced,1,1.0,0,0,0,0,0
user_000696,1,2025-01-12 01:01:09.196913,2025-01-12 01:01:09.196913,1,intermediate,1,1.0,0,0,0,0,0
user_000697,1,2025-01-12 01:01:09.196913,2025-01-12 01:01:09.196913,0,advanced,1,1.0,0,0,0,0,0
user_000698,1,2025-01-12 01:01:09.196913,2025-01-12 01:01:09.196913,1,basic,1,1.0,0,0,0,0,0
user_000699,1,2025-01-12 01:01:09.196913,2025-01-12 01:01:09.196913,0,intermediate,1,1.0,0,0,0,0,0
user_000700,1,2025-01-12 01:01:09.196913,2025-01-12 01:01:09.196913,1,intermediate,1,1.0,0,0,0,0,0
user_000701,815,2024-10-20 01:01:09.196913,2024-10-20 01:01:09.196913,185,advanced,1,815.0,0,0,0,1,0
user_000702,1,2025-01-12 01:01:09.196913,2025-01-12 01:01:09.196913,0,advanced,1,1.0,0,0,0,0,0
user_000703,1,2025-01-12 01:01:09.196913,2025-01-12 01:01:09.196913,0,basic,1,1.0,0,0,0,0,0
user_000704,1,2025-01-12 01:01:09.196913,2025-01-12 01:01:09.196913,0,basic,1,1.0,0,0,0,0,0
user_000705,815,2024-10-20 01:01:09.196913,2024-10-20 01:01:09.196913,168,basic,1,815.0,0,0,0,1,0
user_000706,1,2025-01-12 01:01:09.196913,2025-01-12 01:01:09.196913,0,advanced,1,1.0,0,0,0,0,0
user_000707,1,2025-01-12 01:01:09.196913,2025-01-12 01:01:09.196913,0,intermediate,1,1.0,0,0,0,0,0
user_000708,1,2025-01-12 01:01:09.196913,2025-01-12 01:01:09.196913,0,intermediate,1,1.0,0,0,0,0,0
user_000709,1,2025-01-12 01:01:09.196913,2025-01-12 01:01:09.196913,0,intermediate,1,1.0,0,0,0,0,0
user_000710,1,2025-01-12 01:01:09.196913,2025-01-12 01:01:09.196913,0,intermediate,1,1.0,0,0,0,0,0
user_000711,1,2025-01-12 01:01:09.196913,2025-01-12 01:01:09.196913,0,advanced,1,1.0,0,0,0,0,0
user_000712,815,2024-11-10 01:01:09.196913,2024-11-10 01:01:09.196913,186,none,1,815.0,0,0,0,1,0
user_000713,1,2025-01-12 01:01:09.196913,2025-01-12 01:01:09.196913,0,intermediate,1,1.0,0,0,0,0,0
user_000714,1,2025-01-12 01:01:09.196913,2025-01-12 01:01:09.196913,0,intermediate,1,1.0,0,0,0,0,0
user_000715,1,2025-01-12 01:01:09.196913,2025-01-12 01:01:09.196913,1,advanced,1,1.0,0,0,0,0,0
user_000716,1,2025-01-12 01:01:09.196913,2025-01-12 01:01:09.196913,0,advanced,1,1.0,0,0,0,0,0
user_000717,1,2025-01-12 01:01:09.196913,2025-01-12 01:01:09.196913,0,intermediate,1,1.0,0,0,0,0,0
user_000718,1,2025-01-12 01:01:09.196913,2025-01-12 01:01:09.196913,0,basic,1,1.0,0,0,0,0,0
user_000719,815,2024-04-28 01:01:09.196913,2024-04-28 01:01:09.196913,206,advanced,1,815.0,0,0,0,1,0
user_000720,1,2025-01-12 01:01:09.196913,2025-01-12 01:01:09.196913,0,intermediate,1,1.0,0,0,0,0,0
user_000721,1,2025-01-12 01:01:09.196913,2025-01-12 01:01:09.196913,1,basic,1,1.0,0,0,0,0,0
user_000722,1,2025-01-12 01:01:09.196913,2025-01-12 01:01:09.196913,1,basic,1,1.0,0,0,0,0,0
user_000723,1,2025-01-12 01:01:09.196913,2025-01-12 01:01:09.196913,0,advanced,1,1.0,0,0,0,0,0
user_000724,1,2025-01-12 01:01:09.196913,2025-01-12 01:01:09.196913,0,advanced,1,1.0,0,0,0,0,0
user_000725,1,2025-01-12 01:01:09.196913,2025-01-12 01:01:09.196913,0,basic,1,1.0,0,0,0,0,0
user_000726,1,2025-01-12 01:01:09.196913,2025-01-12 01:01:09.196913,1,intermediate,1,1.0,0,0,0,0,0
user_000727,1,2025-01-12 01:01:09.196913,2025-01-12 01:01:09.196913,0,advanced,1,1.0,0,0,0,0,0
user_000728,1,2025-01-12 01:01:09.196913,2025-01-12 01:01:09.196913,1,intermediate,1,1.0,0,0,0,0,0
user_000729,1,2025-01-12 01:01:09.196913,2025-01-12 01:01:09.196913,1,advanced,1,1.0,0,0,0,0,0
user_000730,1,2025-01-12 01:01:09.196913,2025-01-12 01:01:09.196913,0,advanced,1,1.0,0,0,0,0,0
user_000731,815,2024-10-06 01:01:09.196913,2024-10-13 01:01:09.196913,143,advanced,7,116.42857142857144,0,0,0,1,0
user_000732,1,2025-01-12 01:01:09.196913,2025-01-12 01:01:09.196913,0,basic,1,1.0,0,0,0,0,0
user_000733,1,2025-01-12 01:01:09.196913,2025-01-12 01:01:09.196913,0,intermediate,1,1.0,0,0,0,0,0
user_000734,1,2025-01-12 01:01:09.196913,2025-01-12 01:01:09.196913,0,none,1,1.0,0,0,0,0,0
user_000735,1,2025-01-12 01:01:09.196913,2025-01-12 01:01:09.196913,0,none,1,1.0,0,0,0,0,0
user_000736,1,2025-01-12 01:01:09.196913,2025-01-12 01:01:09.196913,0,intermediate,1,1.0,0,0,0,0,0
user_000737,1,2025-01-12 01:01:09.196913,2025-01-12 01:01:09.196913,0,intermediate,1,1.0,0,0,0,0,0
user_000738,1,2025-01-12 01:01:09.196913,2025-01-12 01:01:09.196913,0,intermediate,1,1.0,0,0,0,0,0
user_000739,1,2025-01-12 01:01:09.196913,2025-01-12 01:01:09.196913,0,intermediate,1,1.0,0,0,0,0,0
user_000740,1,2025-01-12 01:01:09.196913,2025-01-12 01:01:09.196913,0,intermediate,1,1.0,0,0,0,0,0
user_000741,1,2025-01-12 01:01:09.196913,2025-01-12 01:01:09.196913,0,intermediate,1,1.0,0,0,0,0,0
user_000742,1,2025-01-12 01:01:09.196913,2025-01-12 01:01:09.196913,0,advanced,1,1.0,0,0,0,0,0
user_000743,1,2025-01-12 01:01:09.196913,2025-01-12 01:01:09.196913,0,advanced,1,1.0,0,0,0,0,0
user_000744,815,2024-12-01 01:01:09.196913,2024-12-01 01:01:09.196913,183,advanced,1,815.0,0,0,0,1,0
user_000745,1,2025-01-12 01:01:09.196913,2025-01-12 01:01:09.196913,1,intermediate,1,1.0,0,0,0,0,0
user_000746,1,2025-01-12 01:01:09.196913,2025-01-12 01:01:09.196913,1,none,1,1.0,0,0,0,0,0
user_000747,1,2025-01-12 01:01:09.196913,2025-01-12 01:01:09.196913,1,advanced,1,1.0,0,0,0,0,0
user_000748,1,2025-01-12 01:01:09.196913,2025-01-12 01:01:09.196913,0,intermediate,1,1.0,0,0,0,0,0
user_000749,1,2025-01-12 01:01:09.196913,2025-01-12 01:01:09.196913,0,basic,1,1.0,0,0,0,0,0
user_000750,1,2025-01-12 01:01:09.196913,2025-01-12 01:01:09.196913,0,intermediate,1,1.0,0,0,0,0,0
user_000751,815,2024-04-21 01:01:09.196913,2024-04-21 01:01:09.196913,165,basic,1,815.0,0,0,0,1,0
user_000752,1,2025-01-12 01:01:09.196913,2025-01-12 01:01:09.196913,0,advanced,1,1.0,0,0,0,0,0
user_000753,1,2025-01-12 01:01:09.196913,2025-01-12 01:01:09.196913,0,none,1,1.0,0,0,0,0,0
user_000754,1,2025-01-12 01:01:09.196913,2025-01-12 01:01:09.196913,0,advanced,1,1.0,0,0,0,0,0
user_000755,1,2025-01-12 01:01:09.196913,2025-01-12 01:01:09.196913,1,intermediate,1,1.0,0,0,0,0,0
user_000756,815,2024-04-21 01:01:09.196913,2024-04-21 01:01:09.196913,144,intermediate,1,815.0,0,0,0,1,0
user_000757,1,2025-01-12 01:01:09.196913,2025-01-12 01:01:09.196913,0,basic,1,1.0,0,0,0,0,0
user_000758,815,2024-11-03 01:01:09.196913,2024-11-03 01:01:09.196913,172,intermediate,1,815.0,0,0,0,1,0
user_000759,1,2025-01-12 01:01:09.196913,2025-01-12 01:01:09.196913,1,none,1,1.0,0,0,0,0,0
user_000760,1,2025-01-12 01:01:09.196913,2025-01-12 01:01:09.196913,0,basic,1,1.0,0,0,0,0,0
user_000761,1,2025-01-12 01:01:09.196913,2025-01-12 01:01:09.196913,0,intermediate,1,1.0,0,0,0,0,0
user_000762,1,2025-01-12 01:01:09.196913,2025-01-12 01:01:09.196913,0,advanced,1,1.0,0,0,0,0,0
user_000763,1,2025-01-12 01:01:09.196913,2025-01-12 01:01:09.196913,0,advanced,1,1.0,0,0,0,0,0
user_000764,1,2025-01-12 01:01:09.196913,2025-01-12 01:01:09.196913,0,intermediate,1,1.0,0,0,0,0,0
user_000765,1,2025-01-12 01:01:09.196913,2025-01-12 01:01:09.196913,0,intermediate,1,1.0,0,0,0,0,0
user_000766,1,2025-01-12 01:01:09.196913,2025-01-12 01:01:09.196913,0,basic,1,1.0,0,0,0,0,0
user_000767,1,2025-01-12 01:01:09.196913,2025-01-12 01:01:09.196913,0,intermediate,1,1.0,0,0,0,0,0
user_000768,1,2025-01-12 01:01:09.196913,2025-01-12 01:01:09.196913,0,advanced,1,1.0,0,0,0,0,0
user_000769,1,2025-01-12 01:01:09.196913,2025-01-12 01:01:09.196913,0,intermediate,1,1.0,0,0,0,0,0
user_000770,1,2025-01-12 01:01:09.196913,2025-01-12 01:01:09.196913,0,intermediate,1,1.0,0,0,0,0,0
user_000771,815,2024-06-30 01:01:09.196913,2024-06-30 01:01:09.196913,85,intermediate,1,815.0,0,0,0,1,0
user_000772,1,2025-01-12 01:01:09.196913,2025-01-12 01:01:09.196913,0,intermediate,1,1.0,0,0,0,0,0
user_000773,1,2025-01-12 01:01:09.196913,2025-01-12 01:01:09.196913,0,basic,1,1.0,0,0,0,0,0
user_000774,1,2025-01-12 01:01:09.196913,2025-01-12 01:01:09.196913,0,advanced,1,1.0,0,0,0,0,0
user_000775,815,2024-12-08 01:01:09.196913,2024-12-08 01:01:09.196913,194,intermediate,1,815.0,0,0,0,1,0
user_000776,1,2025-01-12 01:01:09.196913,2025-01-12 01:01:09.196913,0,intermediate,1,1.0,0,0,0,0,0
user_000777,1,2025-01-12 01:01:09.196913,2025-01-12 01:01:09.196913,0,intermediate,1,1.0,0,0,0,0,0
user_000778,815,2024-06-16 01:01:09.196913,2024-06-16 01:01:09.196913,111,basic,1,815.0,0,0,0,1,0
user_000779,1,2025-01-12 01:01:09.196913,2025-01-12 01:01:09.196913,1,intermediate,1,1.0,0,0,0,0,0
user_000780,1,2025-01-12 01:01:09.196913,2025-01-12 01:01:09.196913,0,basic,1,1.0,0,0,0,0,0
user_000781,1,2025-01-12 01:01:09.196913,2025-01-12 01:01:09.196913,0,advanced,1,1.0,0,0,0,0,0
user_000782,816,2024-04-07 01:01:09.196913,2024-04-07 01:01:09.196913,218,intermediate,1,816.0,1,1,1,1,1
user_000783,1,2025-01-12 01:01:09.196913,2025-01-12 01:01:09.196913,0,intermediate,1,1.0,0,0,0,0,0
user_000784,1,2025-01-12 01:01:09.196913,2025-01-12 01:01:09.196913,0,intermediate,1,1.0,0,0,0,0,0
user_000785,1,2025-01-12 01:01:09.196913,2025-01-12 01:01:09.196913,0,intermediate,1,1.0,0,0,0,0,0
user_000786,815,2024-10-20 01:01:09.196913,2024-10-20 01:01:09.196913,148,intermediate,1,815.0,0,0,0,1,0
user_000787,1,2025-01-12 01:01:09.196913,2025-01-12 01:01:09.196913,0,intermediate,1,1.0,0,0,0,0,0
user_000788,1,2025-01-12 01:01:09.196913,2025-01-12 01:01:09.196913,0,basic,1,1.0,0,0,0,0,0
user_000789,1,2025-01-12 01:01:09.196913,2025-01-12 01:01:09.196913,0,basic,1,1.0,0,0,0,0,0
user_000790,1,2025-01-12 01:01:09.196913,2025-01-12 01:01:09.196913,0,basic,1,1.0,0,0,0,0,0
user_000791,1,2025-01-12 01:01:09.196913,2025-01-12 01:01:09.196913,0,basic,1,1.0,0,0,0,0,0
user_000792,1,2025-01-12 01:01:09.196913,2025-01-12 01:01:09.196913,0,advanced,1,1.0,0,0,0,0,0
user_000793,1,2025-01-12 01:01:09.196913,2025-01-12 01:01:09.196913,0,intermediate,1,1.0,0,0,0,0,0
user_000794,1,2025-01-12 01:01:09.196913,2025-01-12 01:01:09.196913,0,none,1,1.0,0,0,0,0,0
user_000795,1,2025-01-12 01:01:09.196913,2025-01-12 01:01:09.196913,0,intermediate,1,1.0,0,0,0,0,0
user_000796,1,2025-01-12 01:01:09.196913,2025-01-12 01:01:09.196913,0,advanced,1,1.0,0,0,0,0,0
user_000797,1,2025-01-12 01:01:09.196913,2025-01-12 01:01:09.196913,0,none,1,1.0,0,0,0,0,0
user_000798,1,2025-01-12 01:01:09.196913,2025-01-12 01:01:09.196913,0,advanced,1,1.0,0,0,0,0,0
user_000799,1,2025-01-12 01:01:09.196913,2025-01-12 01:01:09.196913,0,advanced,1,1.0,0,0,0,0,0
user_000800,815,2024-06-02 01:01:09.196913,2024-06-02 01:01:09.196913,90,intermediate,1,815.0,0,0,0,1,0
user_000801,1,2025-01-12 01:01:09.196913,2025-01-12 01:01:09.196913,0,intermediate,1,1.0,0,0,0,0,0
user_000802,1,2025-01-12 01:01:09.196913,2025-01-12 01:01:09.196913,0,intermediate,1,1.0,0,0,0,0,0
user_000803,815,2024-12-08 01:01:09.196913,2024-12-08 01:01:09.196913,191,advanced,1,815.0,0,0,0,1,0
user_000804,1,2025-01-12 01:01:09.196913,2025-01-12 01:01:09.196913,0,basic,1,1.0,0,0,0,0,0
user_000805,816,2024-04-07 01:01:09.196913,2024-04-07 01:01:09.196913,213,intermediate,1,816.0,1,1,1,1,1
user_000806,815,2024-10-20 01:01:09.196913,2024-10-20 01:01:09.196913,144,advanced,1,815.0,0,0,0,1,0
user_000807,1,2025-01-12 01:01:09.196913,2025-01-12 01:01:09.196913,0,intermediate,1,1.0,0,0,0,0,0
user_000808,1,2025-01-12 01:01:09.196913,2025-01-12 01:01:09.196913,1,advanced,1,1.0,0,0,0,0,0
user_000809,1,2025-01-12 01:01:09.196913,2025-01-12 01:01:09.196913,0,intermediate,1,1.0,0,0,0,0,0
user_000810,1,2025-01-12 01:01:09.196913,2025-01-12 01:01:09.196913,0,intermediate,1,1.0,0,0,0,0,0
user_000811,815,2024-05-26 01:01:09.196913,2024-06-02 01:01:09.196913,211,none,7,116.42857142857144,0,0,0,1,0
user_000812,815,2024-06-16 01:01:09.196913,2024-06-23 01:01:09.196913,178,intermediate,7,116.42857142857144,0,0,0,1,0
user_000813,1,2025-01-12 01:01:09.196913,2025-01-12 01:01:09.196913,0,advanced,1,1.0,0,0,0,0,0
user_000814,1,2025-01-12 01:01:09.196913,2025-01-12 01:01:09.196913,0,basic,1,1.0,0,0,0,0,0
user_000815,1,2025-01-12 01:01:09.196913,2025-01-12 01:01:09.196913,0,intermediate,1,1.0,0,0,0,0,0
user_000816,1,2025-01-12 01:01:09.196913,2025-01-12 01:01:09.196913,0,intermediate,1,1.0,0,0,0,0,0
user_000817,1,2025-01-12 01:01:09.196913,2025-01-12 01:01:09.196913,0,basic,1,1.0,0,0,0,0,0
user_000818,1,2025-01-12 01:01:09.196913,2025-01-12 01:01:09.196913,0,basic,1,1.0,0,0,0,0,0
user_000819,815,2024-07-14 01:01:09.196913,2024-07-14 01:01:09.196913,84,basic,1,815.0,0,0,0,1,0
user_000820,1,2025-01-12 01:01:09.196913,2025-01-12 01:01:09.196913,0,intermediate,1,1.0,0,0,0,0,0
user_000821,815,2024-06-09 01:01:09.196913,2024-06-09 01:01:09.196913,134,advanced,1,815.0,0,0,0,1,0
user_000822,1,2025-01-12 01:01:09.196913,2025-01-12 01:01:09.196913,0,intermediate,1,1.0,0,0,0,0,0
user_000823,1,2025-01-12 01:01:09.196913,2025-01-12 01:01:09.196913,0,intermediate,1,1.0,0,0,0,0,0
user_000824,815,2024-05-05 01:01:09.196913,2024-05-12 01:01:09.196913,196,basic,7,116.42857142857144,0,0,0,1,0
user_000825,1,2025-01-12 01:01:09.196913,2025-01-12 01:01:09.196913,0,intermediate,1,1.0,0,0,0,0,0
user_000826,1,2025-01-12 01:01:09.196913,2025-01-12 01:01:09.196913,0,intermediate,1,1.0,0,0,0,0,0
user_000827,816,2024-04-14 01:01:09.196913,2024-04-14 01:01:09.196913,206,intermediate,1,816.0,1,1,1,1,1
user_000828,1,2025-01-12 01:01:09.196913,2025-01-12 01:01:09.196913,0,basic,1,1.0,0,0,0,0,0
user_000829,815,2024-08-11 01:01:09.196913,2024-08-11 01:01:09.196913,133,basic,1,815.0,0,0,0,1,0
user_000830,1,2025-01-12 01:01:09.196913,2025-01-12 01:01:09.196913,0,none,1,1.0,0,0,0,0,0
user_000831,815,2024-04-28 01:01:09.196913,2024-04-28 01:01:09.196913,211,basic,1,815.0,0,0,0,1,0
user_000832,1,2025-01-12 01:01:09.196913,2025-01-12 01:01:09.196913,0,intermediate,1,1.0,0,0,0,0,0
user_000833,1,2025-01-12 01:01:09.196913,2025-01-12 01:01:09.196913,0,none,1,1.0,0,0,0,0,0
user_000834,1,2025-01-12 01:01:09.196913,2025-01-12 01:01:09.196913,0,intermediate,1,1.0,0,0,0,0,0
user_000835,815,2024-06-09 01:01:09.196913,2024-06-09 01:01:09.196913,127,advanced,1,815.0,0,0,0,1,0
user_000836,1,2025-01-12 01:01:09.196913,2025-01-12 01:01:09.196913,0,basic,1,1.0,0,0,0,0,0
user_000837,1,2025-01-12 01:01:09.196913,2025-01-12 01:01:09.196913,0,advanced,1,1.0,0,0,0,0,0
user_000838,1,2025-01-12 01:01:09.196913,2025-01-12 01:01:09.196913,0,advanced,1,1.0,0,0,0,0,0
user_000839,1,2025-01-12 01:01:09.196913,2025-01-12 01:01:09.196913,0,intermediate,1,1.0,0,0,0,0,0
user_000840,1,2025-01-12 01:01:09.196913,2025-01-12 01:01:09.196913,0,intermediate,1,1.0,0,0,0,0,0
user_000841,1,2025-01-12 01:01:09.196913,2025-01-12 01:01:09.196913,0,intermediate,1,1.0,0,0,0,0,0
user_000842,815,2024-05-12 01:01:09.196913,2024-05-19 01:01:09.196913,103,advanced,7,116.42857142857144,0,0,0,1,0
user_000843,1,2025-01-12 01:01:09.196913,2025-01-12 01:01:09.196913,1,basic,1,1.0,0,0,0,0,0
user_000844,1,2025-01-12 01:01:09.196913,2025-01-12 01:01:09.196913,0,advanced,1,1.0,0,0,0,0,0
user_000845,1,2025-01-12 01:01:09.196913,2025-01-12 01:01:09.196913,0,advanced,1,1.0,0,0,0,0,0
user_000846,1,2025-01-12 01:01:09.196913,2025-01-12 01:01:09.196913,1,basic,1,1.0,0,0,0,0,0
user_000847,1,2025-01-12 01:01:09.196913,2025-01-12 01:01:09.196913,0,intermediate,1,1.0,0,0,0,0,0
user_000848,1,2025-01-12 01:01:09.196913,2025-01-12 01:01:09.196913,0,intermediate,1,1.0,0,0,0,0,0
user_000849,1,2025-01-12 01:01:09.196913,2025-01-12 01:01:09.196913,0,intermediate,1,1.0,0,0,0,0,0
user_000850,1,2025-01-12 01:01:09.196913,2025-01-12 01:01:09.196913,0,basic,1,1.0,0,0,0,0,0
user_000851,1,2025-01-12 01:01:09.196913,2025-01-12 01:01:09.196913,0,advanced,1,1.0,0,0,0,0,0
user_000852,1,2025-01-12 01:01:09.196913,2025-01-12 01:01:09.196913,0,intermediate,1,1.0,0,0,0,0,0
user_000853,1,2025-01-12 01:01:09.196913,2025-01-12 01:01:09.196913,1,advanced,1,1.0,0,0,0,0,0
user_000854,815,2024-09-15 01:01:09.196913,2024-09-15 01:01:09.196913,174,intermediate,1,815.0,0,0,0,1,0
user_000855,1,2025-01-12 01:01:09.196913,2025-01-12 01:01:09.196913,1,intermediate,1,1.0,0,0,0,0,0
user_000856,1,2025-01-12 01:01:09.196913,2025-01-12 01:01:09.196913,0,basic,1,1.0,0,0,0,0,0
user_000857,815,2024-05-12 01:01:09.196913,2024-05-12 01:01:09.196913,78,intermediate,1,815.0,0,0,0,1,0
user_000858,1,2025-01-12 01:01:09.196913,2025-01-12 01:01:09.196913,0,basic,1,1.0,0,0,0,0,0
user_000859,1,2025-01-12 01:01:09.196913,2025-01-12 01:01:09.196913,0,basic,1,1.0,0,0,0,0,0
user_000860,1,2025-01-12 01:01:09.196913,2025-01-12 01:01:09.196913,0,advanced,1,1.0,0,0,0,0,0
user_000861,1,2025-01-12 01:01:09.196913,2025-01-12 01:01:09.196913,0,intermediate,1,1.0,0,0,0,0,0
user_000862,1,2025-01-12 01:01:09.196913,2025-01-12 01:01:09.196913,1,basic,1,1.0,0,0,0,0,0
user_000863,1,2025-01-12 01:01:09.196913,2025-01-12 01:01:09.196913,1,advanced,1,1.0,0,0,0,0,0
user_000864,1,2025-01-12 01:01:09.196913,2025-01-12 01:01:09.196913,0,basic,1,1.0,0,0,0,0,0
user_000865,1,2025-01-12 01:01:09.196913,2025-01-12 01:01:09.196913,0,basic,1,1.0,0,0,0,0,0
user_000866,815,2024-12-01 01:01:09.196913,2024-12-01 01:01:09.196913,158,basic,1,815.0,0,0,0,1,0
user_000867,1,2025-01-12 01:01:09.196913,2025-01-12 01:01:09.196913,0,intermediate,1,1.0,0,0,0,0,0
user_000868,815,2024-05-19 01:01:09.196913,2024-05-19 01:01:09.196913,138,intermediate,1,815.0,0,0,0,1,0
user_000869,1,2025-01-12 01:01:09.196913,2025-01-12 01:01:09.196913,0,advanced,1,1.0,0,0,0,0,0
user_000870,1,2025-01-12 01:01:09.196913,2025-01-12 01:01:09.196913,0,intermediate,1,1.0,0,0,0,0,0
user_000871,815,2024-05-26 01:01:09.196913,2024-05-26 01:01:09.196913,202,advanced,1,815.0,0,0,0,1,0
user_000872,1,2025-01-12 01:01:09.196913,2025-01-12 01:01:09.196913,0,intermediate,1,1.0,0,0,0,0,0
user_000873,1,2025-01-12 01:01:09.196913,2025-01-12 01:01:09.196913,0,intermediate,1,1.0,0,0,0,0,0
user_000874,1,2025-01-12 01:01:09.196913,2025-01-12 01:01:09.196913,0,intermediate,1,1.0,0,0,0,0,0
user_000875,1,2025-01-12 01:01:09.196913,2025-01-12 01:01:09.196913,0,intermediate,1,1.0,0,0,0,0,0
user_000876,1,2025-01-12 01:01:09.196913,2025-01-12 01:01:09.196913,0,basic,1,1.0,0,0,0,0,0
user_000877,1,2025-01-12 01:01:09.196913,2025-01-12 01:01:09.196913,0,intermediate,1,1.0,0,0,0,0,0
user_000878,1,2025-01-12 01:01:09.196913,2025-01-12 01:01:09.196913,0,none,1,1.0,0,0,0,0,0
user_000879,1,2025-01-12 01:01:09.196913,2025-01-12 01:01:09.196913,1,advanced,1,1.0,0,0,0,0,0
user_000880,815,2024-07-07 01:01:09.196913,2024-07-07 01:01:09.196913,145,basic,1,815.0,0,0,0,1,0
user_000881,1,2025-01-12 01:01:09.196913,2025-01-12 01:01:09.196913,0,none,1,1.0,0,0,0,0,0
user_000882,1,2025-01-12 01:01:09.196913,2025-01-12 01:01:09.196913,0,basic,1,1.0,0,0,0,0,0
user_000883,1,2025-01-12 01:01:09.196913,2025-01-12 01:01:09.196913,0,advanced,1,1.0,0,0,0,0,0
user_000884,1,2025-01-12 01:01:09.196913,2025-01-12 01:01:09.196913,0,intermediate,1,1.0,0,0,0,0,0
user_000885,1,2025-01-12 01:01:09.196913,2025-01-12 01:01:09.196913,0,basic,1,1.0,0,0,0,0,0
user_000886,1,2025-01-12 01:01:09.196913,2025-01-12 01:01:09.196913,0,advanced,1,1.0,0,0,0,0,0
user_000887,1,2025-01-12 01:01:09.196913,2025-01-12 01:01:09.196913,0,advanced,1,1.0,0,0,0,0,0
user_000888,1,2025-01-12 01:01:09.196913,2025-01-12 01:01:09.196913,0,intermediate,1,1.0,0,0,0,0,0
user_000889,1,2025-01-12 01:01:09.196913,2025-01-12 01:01:09.196913,1,basic,1,1.0,0,0,0,0,0
user_000890,1,2025-01-12 01:01:09.196913,2025-01-12 01:01:09.196913,0,intermediate,1,1.0,0,0,0,0,0
user_000891,1,2025-01-12 01:01:09.196913,2025-01-12 01:01:09.196913,1,advanced,1,1.0,0,0,0,0,0
user_000892,1,2025-01-12 01:01:09.196913,2025-01-12 01:01:09.196913,0,advanced,1,1.0,0,0,0,0,0
user_000893,1,2025-01-12 01:01:09.196913,2025-01-12 01:01:09.196913,0,advanced,1,1.0,0,0,0,0,0
user_000894,1,2025-01-12 01:01:09.196913,2025-01-12 01:01:09.196913,1,advanced,1,1.0,0,0,0,0,0
user_000895,1,2025-01-12 01:01:09.196913,2025-01-12 01:01:09.196913,0,intermediate,1,1.0,0,0,0,0,0
user_000896,1,2025-01-12 01:01:09.196913,2025-01-12 01:01:09.196913,0,intermediate,1,1.0,0,0,0,0,0
user_000897,815,2024-09-01 01:01:09.196913,2024-09-01 01:01:09.196913,216,intermediate,1,815.0,0,0,0,1,0
user_000898,1,2025-01-12 01:01:09.196913,2025-01-12 01:01:09.196913,1,intermediate,1,1.0,0,0,0,0,0
user_000899,1,2025-01-12 01:01:09.196913,2025-01-12 01:01:09.196913,0,intermediate,1,1.0,0,0,0,0,0
user_000900,1,2025-01-12 01:01:09.196913,2025-01-12 01:01:09.196913,0,intermediate,1,1.0,0,0,0,0,0
user_000901,1,2025-01-12 01:01:09.196913,2025-01-12 01:01:09.196913,0,advanced,1,1.0,0,0,0,0,0
user_000902,1,2025-01-12 01:01:09.196913,2025-01-12 01:01:09.196913,0,advanced,1,1.0,0,0,0,0,0
user_000903,1,2025-01-12 01:01:09.196913,2025-01-12 01:01:09.196913,0,intermediate,1,1.0,0,0,0,0,0
user_000904,1,2025-01-12 01:01:09.196913,2025-01-12 01:01:09.196913,0,basic,1,1.0,0,0,0,0,0
user_000905,1,2025-01-12 01:01:09.196913,2025-01-12 01:01:09.196913,1,intermediate,1,1.0,0,0,0,0,0
user_000906,1,2025-01-12 01:01:09.196913,2025-01-12 01:01:09.196913,0,intermediate,1,1.0,0,0,0,0,0
user_000907,815,2024-08-25 01:01:09.196913,2024-08-25 01:01:09.196913,117,intermediate,1,815.0,0,0,0,1,0
user_000908,1,2025-01-12 01:01:09.196913,2025-01-12 01:01:09.196913,0,advanced,1,1.0,0,0,0,0,0
user_000909,815,2024-11-24 01:01:09.196913,2024-11-24 01:01:09.196913,148,advanced,1,815.0,0,0,0,1,0
user_000910,1,2025-01-12 01:01:09.196913,2025-01-12 01:01:09.196913,1,advanced,1,1.0,0,0,0,0,0
user_000911,1,2025-01-12 01:01:09.196913,2025-01-12 01:01:09.196913,1,intermediate,1,1.0,0,0,0,0,0
user_000912,815,2024-08-18 01:01:09.196913,2024-08-18 01:01:09.196913,96,intermediate,1,815.0,0,0,0,1,0
user_000913,1,2025-01-12 01:01:09.196913,2025-01-12 01:01:09.196913,0,intermediate,1,1.0,0,0,0,0,0
user_000914,1,2025-01-12 01:01:09.196913,2025-01-12 01:01:09.196913,1,advanced,1,1.0,0,0,0,0,0
user_000915,815,2025-01-05 01:01:09.196913,2025-01-12 01:01:09.196913,193,intermediate,7,116.42857142857144,0,0,0,1,0
user_000916,1,2025-01-12 01:01:09.196913,2025-01-12 01:01:09.196913,0,intermediate,1,1.0,0,0,0,0,0
user_000917,1,2025-01-12 01:01:09.196913,2025-01-12 01:01:09.196913,0,intermediate,1,1.0,0,0,0,0,0
user_000918,815,2024-09-08 01:01:09.196913,2024-09-08 01:01:09.196913,254,intermediate,1,815.0,0,0,0,1,0
user_000919,1,2025-01-12 01:01:09.196913,2025-01-12 01:01:09.196913,0,basic,1,1.0,0,0,0,0,0
user_000920,1,2025-01-12 01:01:09.196913,2025-01-12 01:01:09.196913,0,basic,1,1.0,0,0,0,0,0
user_000921,1,2025-01-12 01:01:09.196913,2025-01-12 01:01:09.196913,0,advanced,1,1.0,0,0,0,0,0
user_000922,1,2025-01-12 01:01:09.196913,2025-01-12 01:01:09.196913,0,basic,1,1.0,0,0,0,0,0
user_000923,1,2025-01-12 01:01:09.196913,2025-01-12 01:01:09.196913,0,basic,1,1.0,0,0,0,0,0
user_000924,1,2025-01-12 01:01:09.196913,2025-01-12 01:01:09.196913,0,intermediate,1,1.0,0,0,0,0,0
user_000925,1,2025-01-12 01:01:09.196913,2025-01-12 01:01:09.196913,0,intermediate,1,1.0,0,0,0,0,0
user_000926,1,2025-01-12 01:01:09.196913,2025-01-12 01:01:09.196913,1,advanced,1,1.0,0,0,0,0,0
user_000927,1,2025-01-12 01:01:09.196913,2025-01-12 01:01:09.196913,0,basic,1,1.0,0,0,0,0,0
user_000928,815,2024-08-18 01:01:09.196913,2024-08-25 01:01:09.196913,150,intermediate,7,116.42857142857144,0,0,0,1,0
user_000929,1,2025-01-12 01:01:09.196913,2025-01-12 01:01:09.196913,0,advanced,1,1.0,0,0,0,0,0
user_000930,1,2025-01-12 01:01:09.196913,2025-01-12 01:01:09.196913,0,basic,1,1.0,0,0,0,0,0
user_000931,1,2025-01-12 01:01:09.196913,2025-01-12 01:01:09.196913,0,intermediate,1,1.0,0,0,0,0,0
user_000932,1,2025-01-12 01:01:09.196913,2025-01-12 01:01:09.196913,0,advanced,1,1.0,0,0,0,0,0
user_000933,1,2025-01-12 01:01:09.196913,2025-01-12 01:01:09.196913,0,advanced,1,1.0,0,0,0,0,0
user_000934,1,2025-01-12 01:01:09.196913,2025-01-12 01:01:09.196913,0,advanced,1,1.0,0,0,0,0,0
user_000935,1,2025-01-12 01:01:09.196913,2025-01-12 01:01:09.196913,0,intermediate,1,1.0,0,0,0,0,0
user_000936,1,2025-01-12 01:01:09.196913,2025-01-12 01:01:09.196913,0,none,1,1.0,0,0,0,0,0
user_000937,1,2025-01-12 01:01:09.196913,2025-01-12 01:01:09.196913,1,advanced,1,1.0,0,0,0,0,0
user_000938,1,2025-01-12 01:01:09.196913,2025-01-12 01:01:09.196913,0,intermediate,1,1.0,0,0,0,0,0
user_000939,1,2025-01-12 01:01:09.196913,2025-01-12 01:01:09.196913,0,basic,1,1.0,0,0,0,0,0
user_000940,1,2025-01-12 01:01:09.196913,2025-01-12 01:01:09.196913,1,intermediate,1,1.0,0,0,0,0,0
user_000941,1,2025-01-12 01:01:09.196913,2025-01-12 01:01:09.196913,1,intermediate,1,1.0,0,0,0,0,0
user_000942,1,2025-01-12 01:01:09.196913,2025-01-12 01:01:09.196913,0,intermediate,1,1.0,0,0,0,0,0
user_000943,1,2025-01-12 01:01:09.196913,2025-01-12 01:01:09.196913,0,none,1,1.0,0,0,0,0,0
user_000944,1,2025-01-12 01:01:09.196913,2025-01-12 01:01:09.196913,0,intermediate,1,1.0,0,0,0,0,0
user_000945,815,2024-06-09 01:01:09.196913,2024-06-09 01:01:09.196913,104,advanced,1,815.0,0,0,0,1,0
user_000946,1,2025-01-12 01:01:09.196913,2025-01-12 01:01:09.196913,0,intermediate,1,1.0,0,0,0,0,0
user_000947,815,2024-05-05 01:01:09.196913,2024-05-05 01:01:09.196913,228,intermediate,1,815.0,0,0,0,1,0
user_000948,1,2025-01-12 01:01:09.196913,2025-01-12 01:01:09.196913,0,intermediate,1,1.0,0,0,0,0,0
user_000949,1,2025-01-12 01:01:09.196913,2025-01-12 01:01:09.196913,0,advanced,1,1.0,0,0,0,0,0
user_000950,815,2024-12-22 01:01:09.196913,2024-12-22 01:01:09.196913,184,basic,1,815.0,0,0,0,1,0
user_000951,1,2025-01-12 01:01:09.196913,2025-01-12 01:01:09.196913,0,intermediate,1,1.0,0,0,0,0,0
user_000952,1,2025-01-12 01:01:09.196913,2025-01-12 01:01:09.196913,0,intermediate,1,1.0,0,0,0,0,0
user_000953,1,2025-01-12 01:01:09.196913,2025-01-12 01:01:09.196913,0,advanced,1,1.0,0,0,0,0,0
user_000954,815,2024-04-28 01:01:09.196913,2024-04-28 01:01:09.196913,199,intermediate,1,815.0,0,0,0,1,0
user_000955,1,2025-01-12 01:01:09.196913,2025-01-12 01:01:09.196913,1,basic,1,1.0,0,0,0,0,0
user_000956,1,2025-01-12 01:01:09.196913,2025-01-12 01:01:09.196913,0,advanced,1,1.0,0,0,0,0,0
user_000957,815,2024-09-08 01:01:09.196913,2024-09-08 01:01:09.196913,212,intermediate,1,815.0,0,0,0,1,0
user_000958,1,2025-01-12 01:01:09.196913,2025-01-12 01:01:09.196913,0,basic,1,1.0,0,0,0,0,0
user_000959,1,2025-01-12 01:01:09.196913,2025-01-12 01:01:09.196913,0,none,1,1.0,0,0,0,0,0
user_000960,1,2025-01-12 01:01:09.196913,2025-01-12 01:01:09.196913,0,basic,1,1.0,0,0,0,0,0
user_000961,1,2025-01-12 01:01:09.196913,2025-01-12 01:01:09.196913,1,advanced,1,1.0,0,0,0,0,0
user_000962,1,2025-01-12 01:01:09.196913,2025-01-12 01:01:09.196913,1,intermediate,1,1.0,0,0,0,0,0
user_000963,1,2025-01-12 01:01:09.196913,2025-01-12 01:01:09.196913,0,intermediate,1,1.0,0,0,0,0,0
user_000964,1,2025-01-12 01:01:09.196913,2025-01-12 01:01:09.196913,0,intermediate,1,1.0,0,0,0,0,0
user_000965,1,2025-01-12 01:01:09.196913,2025-01-12 01:01:09.196913,0,intermediate,1,1.0,0,0,0,0,0
user_000966,1,2025-01-12 01:01:09.196913,2025-01-12 01:01:09.196913,0,basic,1,1.0,0,0,0,0,0
user_000967,1,2025-01-12 01:01:09.196913,2025-01-12 01:01:09.196913,0,intermediate,1,1.0,0,0,0,0,0
user_000968,1,2025-01-12 01:01:09.196913,2025-01-12 01:01:09.196913,0,advanced,1,1.0,0,0,0,0,0
user_000969,1,2025-01-12 01:01:09.196913,2025-01-12 01:01:09.196913,1,basic,1,1.0,0,0,0,0,0
user_000970,1,2025-01-12 01:01:09.196913,2025-01-12 01:01:09.196913,1,intermediate,1,1.0,0,0,0,0,0
user_000971,1,2025-01-12 01:01:09.196913,2025-01-12 01:01:09.196913,0,intermediate,1,1.0,0,0,0,0,0
user_000972,1,2025-01-12 01:01:09.196913,2025-01-12 01:01:09.196913,0,advanced,1,1.0,0,0,0,0,0
user_000973,1,2025-01-12 01:01:09.196913,2025-01-12 01:01:09.196913,1,basic,1,1.0,0,0,0,0,0
user_000974,1,2025-01-12 01:01:09.196913,2025-01-12 01:01:09.196913,0,intermediate,1,1.0,0,0,0,0,0
user_000975,815,2024-08-25 01:01:09.196913,2024-09-01 01:01:09.196913,167,basic,7,116.42857142857144,0,0,0,1,0
user_000976,815,2024-09-01 01:01:09.196913,2024-09-01 01:01:09.196913,192,basic,1,815.0,0,0,0,1,0
user_000977,815,2024-12-22 01:01:09.196913,2024-12-22 01:01:09.196913,183,intermediate,1,815.0,0,0,0,1,0
user_000978,1,2025-01-12 01:01:09.196913,2025-01-12 01:01:09.196913,1,basic,1,1.0,0,0,0,0,0
user_000979,1,2025-01-12 01:01:09.196913,2025-01-12 01:01:09.196913,0,intermediate,1,1.0,0,0,0,0,0
user_000980,816,2024-04-07 01:01:09.196913,2024-04-14 01:01:09.196913,240,advanced,7,116.57142857142856,1,1,1,1,1
user_000981,1,2025-01-12 01:01:09.196913,2025-01-12 01:01:09.196913,0,basic,1,1.0,0,0,0,0,0
user_000982,1,2025-01-12 01:01:09.196913,2025-01-12 01:01:09.196913,0,advanced,1,1.0,0,0,0,0,0
user_000983,1,2025-01-12 01:01:09.196913,2025-01-12 01:01:09.196913,1,intermediate,1,1.0,0,0,0,0,0
user_000984,1,2025-01-12 01:01:09.196913,2025-01-12 01:01:09.196913,0,basic,1,1.0,0,0,0,0,0
user_000985,1,2025-01-12 01:01:09.196913,2025-01-12 01:01:09.196913,0,advanced,1,1.0,0,0,0,0,0
user_000986,815,2024-10-27 01:01:09.196913,2024-10-27 01:01:09.196913,154,intermediate,1,815.0,0,0,0,1,0
user_000987,815,2024-07-28 01:01:09.196913,2024-08-04 01:01:09.196913,149,intermediate,7,116.42857142857144,0,0,0,1,0
user_000988,1,2025-01-12 01:01:09.196913,2025-01-12 01:01:09.196913,0,advanced,1,1.0,0,0,0,0,0
user_000989,1,2025-01-12 01:01:09.196913,2025-01-12 01:01:09.196913,1,advanced,1,1.0,0,0,0,0,0
user_000990,1,2025-01-12 01:01:09.196913,2025-01-12 01:01:09.196913,0,basic,1,1.0,0,0,0,0,0
user_000991,1,2025-01-12 01:01:09.196913,2025-01-12 01:01:09.196913,0,intermediate,1,1.0,0,0,0,0,0
user_000992,1,2025-01-12 01:01:09.196913,2025-01-12 01:01:09.196913,1,intermediate,1,1.0,0,0,0,0,0
user_000993,815,2024-04-28 01:01:09.196913,2024-04-28 01:01:09.196913,195,basic,1,815.0,0,0,0,1,0
user_000994,815,2024-12-01 01:01:09.196913,2024-12-08 01:01:09.196913,172,advanced,7,116.42857142857144,0,0,0,1,0
user_000995,1,2025-01-12 01:01:09.196913,2025-01-12 01:01:09.196913,0,advanced,1,1.0,0,0,0,0,0
user_000996,1,2025-01-12 01:01:09.196913,2025-01-12 01:01:09.196913,0,advanced,1,1.0,0,0,0,0,0
user_000997,1,2025-01-12 01:01:09.196913,2025-01-12 01:01:09.196913,0,advanced,1,1.0,0,0,0,0,0
user_000998,1,2025-01-12 01:01:09.196913,2025-01-12 01:01:09.196913,1,intermediate,1,1.0,0,0,0,0,0
user_000999,815,2024-06-02 01:01:09.196913,2024-06-09 01:01:09.196913,133,intermediate,7,116.42857142857144,0,0,0,1,0
